question_id,expected_answer,evaluation_rubric
016ba8bf-bd81-4a60-9fd3-79e2c73bbf79,"Skipping the requirements phase can create expensive problems because teams may build the wrong features, misunderstand goals, and require significant rework after development has already progressed.","{""criteria"": [""Correct and thorough answer""], ""scoring"": ""rubric""}"
02217c96-bc35-48ba-afef-d81c6c37117e,,"{""criteria"": [""Correct and clear answer""], ""scoring"": ""rubric""}"
027df643-008a-42bc-83f8-432db10f7de4,,"{""criteria"": [""Correct and clear answer""], ""scoring"": ""rubric""}"
02a385d6-f334-4833-a01b-e6bc2ab15c7f,Linear equations model steady change and help estimate future outcomes when growth happens at a constant rate.,"{""criteria"": [""Correct and thorough answer""], ""scoring"": ""rubric""}"
02bc9143-72df-4dd8-abcd-9ac33e9ac12e,They organize content into meaningful sections and improve readability and structure for both users and systems.,"{""criteria"": [""Correct and thorough answer""], ""scoring"": ""rubric""}"
03e2be37-ed01-49b3-aa13-204860d31efa,"Abstraction reduces unnecessary implementation exposure, creates clear contracts, and allows team members to work with simplified interfaces without needing every low-level detail.","{""criteria"": [""Correct and thorough answer""], ""scoring"": ""rubric""}"
041d1633-bb6e-4f46-b10e-f5b310eccb62,"The wrong chart type can hide patterns, exaggerate differences, or make comparisons difficult, leading people to misunderstand the data and make poor decisions.","{""criteria"": [""Correct and thorough answer""], ""scoring"": ""rubric""}"
05921de7-b2b6-4a45-a48e-5e583c5462f8,,"{""criteria"": [""Correct and clear answer""], ""scoring"": ""rubric""}"
05ad1cb0-0b30-4cb4-91c4-6af486f7b1a2,,"{""criteria"": [""Correct and clear answer""], ""scoring"": ""rubric""}"
05e71160-ab4a-4518-8978-6ffc00e7acc6,"Triangle properties help determine side relationships, angle balance, and load distribution, which are useful for creating rigid and stable structures.","{""criteria"": [""Correct and thorough answer""], ""scoring"": ""rubric""}"
05f5c394-1fbb-4259-bbc5-d7f05da35423,,"{""criteria"": [""Correct and clear answer""], ""scoring"": ""rubric""}"
06e42521-9581-48bb-8114-139545bbd951,"Recursion works by expressing a problem in terms of a smaller instance of itself, solving the smaller case repeatedly until a simple base case is reached, and then combining or returning the results.","{""criteria"": [""Correct and thorough answer""], ""scoring"": ""rubric""}"
086e0657-2cbf-4b5e-a57a-2d87822136c4,"The app should explain that when a program needs data that is not currently in main memory, the OS must fetch the required page, which causes delay and affects performance.","{""criteria"": [""Correct and thorough answer""], ""scoring"": ""rubric""}"
0879279e-f6bd-4138-a261-8b9ce23c522e,"Virtualization makes cloud infrastructure more flexible because physical resources can be divided into isolated virtual environments that are easier to allocate, scale, and manage independently.","{""criteria"": [""Correct and thorough answer""], ""scoring"": ""rubric""}"
088516eb-c2ea-4b34-b60f-5a25e6ae78ca,,"{""criteria"": [""Correct and clear answer""], ""scoring"": ""rubric""}"
099cb2b8-19e9-4d75-a366-739f6e2a30fc,"A foreign key links quiz attempts to the correct user record, maintaining relationships and helping ensure referential consistency between the tables.","{""criteria"": [""Correct and thorough answer""], ""scoring"": ""rubric""}"
09c18116-303d-4f2a-a5bb-36bb63597520,A hybrid architecture is rational because sensitive candidate data can remain in a more controlled private environment while scalable public-facing content can be served through public cloud resources.,"{""criteria"": [""Correct and thorough answer""], ""scoring"": ""rubric""}"
0a1d488e-71c0-4b87-8ae3-70e93addd3c4,,"{""criteria"": [""Correct and clear answer""], ""scoring"": ""rubric""}"
0a2a5f48-5a01-4f97-ab54-dc7366b6178a,,"{""criteria"": [""Correct and clear answer""], ""scoring"": ""rubric""}"
0a6e2a79-ab56-47b1-8c35-377ae9dac538,"The app should move from isolated word memorization to context-based exercises, sentence usage, synonym/antonym application, and reading-based reinforcement so learners understand meaning in use.","{""criteria"": [""Correct and thorough answer""], ""scoring"": ""rubric""}"
0b850653-d39c-45a0-a70c-237de6322125,"Good visualization is not only about aesthetics because the chart must represent data honestly, make patterns understandable, and reduce misinterpretation so decisions are based on clear evidence rather than confusing presentation.","{""criteria"": [""Correct and thorough answer""], ""scoring"": ""rubric""}"
0d9c9311-9afe-408a-87d5-6de3df4a7798,"To evaluate the performance of the newly deployed model, I would conduct A/B testing to compare its performance against the previous version. This allows us to directly measure the impact on user engagement metrics and gather real-time feedback.","{""criteria"": [""Correct and thorough answer""], ""scoring"": ""rubric""}"
0dcf21d0-1e51-4a6e-963f-f8d1b6c56cdc,,"{""criteria"": [""Correct and clear answer""], ""scoring"": ""rubric""}"
0fb1f5a2-57c8-4003-9b50-9343492acae7,"The app should introduce private cloud, because it offers cloud-style resource management while keeping infrastructure dedicated to one organization for greater control.","{""criteria"": [""Correct and thorough answer""], ""scoring"": ""rubric""}"
106839c4-f5c0-471a-9b26-587afd83b44e,"The mole concept acts as the bridge between measurable mass and microscopic particle count, enabling conversion using molar mass and Avogadro’s number.","{""criteria"": [""Correct and thorough answer""], ""scoring"": ""rubric""}"
11b17ce2-9826-44fa-ad7f-13abaa577e05,"This reveals a gap in responsive design and layout adaptability, including understanding of flexible layouts, relative sizing, and viewport-aware styling.","{""criteria"": [""Correct and thorough answer""], ""scoring"": ""rubric""}"
129172ed-6d41-458b-b710-93eee83fcbcb,"The app should emphasize shared responsibility, fast feedback, and collaboration between development and operations, because delivery quality depends on teamwork across the full lifecycle.","{""criteria"": [""Correct and thorough answer""], ""scoring"": ""rubric""}"
1322ad5c-6de6-497e-9855-2cf0212f07f6,"TCP is considered reliable because it establishes a connection, tracks delivery, and helps ensure data arrives correctly and in order.","{""criteria"": [""Correct and thorough answer""], ""scoring"": ""rubric""}"
147194a7-b07a-4c00-b4e3-f41c484ac6f4,,"{""criteria"": [""Correct and clear answer""], ""scoring"": ""rubric""}"
14e827cb-332f-47bb-9bef-3858fa8832e3,"Search-based AI questions are useful because they reveal whether the learner can represent states, consider alternatives, and move through a problem methodically rather than relying only on intuition.","{""criteria"": [""Correct and thorough answer""], ""scoring"": ""rubric""}"
157d7087-04e2-4d7f-b811-45356b033924,,"{""criteria"": [""Correct and clear answer""], ""scoring"": ""rubric""}"
17857c44-8871-4cf4-b7a5-493cbd5c09ea,A use case diagram is used to show how users or external actors interact with a system’s main functions.,"{""criteria"": [""Correct and thorough answer""], ""scoring"": ""rubric""}"
17a555f2-f49a-4249-9073-d5bcd7580dd3,"Padding is the space inside an element between its content and border, while margin is the space outside the border separating it from other elements. For example, a card can use padding to keep text away from its edges and margin to separate it from neighboring cards.","{""criteria"": [""Correct and thorough answer""], ""scoring"": ""rubric""}"
18611cfb-9239-4a19-a03c-94132ad5fe1d,,"{""criteria"": [""Correct and clear answer""], ""scoring"": ""rubric""}"
19045ca2-b5ab-41b3-8229-87e44fc08d30,"A clear, structured response mentioning key steps and rationale.","{""criteria"": [""Correct and thorough answer""], ""scoring"": ""rubric""}"
1938ab9f-ff1f-442e-b5ee-44cab3f9f601,"Software maintenance is needed to fix bugs, improve features, adapt to changes, and keep the system useful over time.","{""criteria"": [""Correct and thorough answer""], ""scoring"": ""rubric""}"
19a8adce-7aea-4cb0-b6ba-249c73e2d074,"The environment is important because the agent observes it, interprets it, and takes actions based on what is happening around it.","{""criteria"": [""Correct and thorough answer""], ""scoring"": ""rubric""}"
19d28b3f-f99f-400b-8144-c415c345b7ac,,"{""criteria"": [""Correct and clear answer""], ""scoring"": ""rubric""}"
1a55a447-6ded-4798-8b83-1ee8cae2b862,'Beautiful' is the adjective.,"{""criteria"": [""Correct and clear answer""], ""scoring"": ""rubric""}"
1a5a0a59-adfb-4445-98b5-e3215a66bd77,,"{""criteria"": [""Correct and clear answer""], ""scoring"": ""rubric""}"
1c0d9823-0a31-49ab-979a-e3f21de58694,,"{""criteria"": [""Correct and clear answer""], ""scoring"": ""rubric""}"
1c0f4f41-b3d3-48a2-a33d-6a7bf6d1084b,"Alkanes contain only single carbon-carbon bonds, while alkenes contain at least one carbon-carbon double bond.","{""criteria"": [""Correct and thorough answer""], ""scoring"": ""rubric""}"
1c238d20-67ab-4b0c-ae55-1f84985b3df5,"A strong prompt would present a new scenario and ask the learner to justify why a locally optimal step might or might not lead to a good global solution, instead of recalling a known problem name.","{""criteria"": [""Correct and thorough answer""], ""scoring"": ""rubric""}"
1d1f41fb-33a6-48d7-8d4a-093c3cf82d75,"The DRY principle is being violated. A function would centralize the repeated logic, reduce duplication, simplify updates, and lower the chance of inconsistent behavior.","{""criteria"": [""Correct and thorough answer""], ""scoring"": ""rubric""}"
1da09fdc-307e-41a7-95d1-9d013afba43f,"A clear, structured response mentioning key steps and rationale.","{""criteria"": [""Correct and thorough answer""], ""scoring"": ""rubric""}"
1e006a21-8f55-450a-920b-13d90652ba5a,"A feature can pass unit tests but fail in production because integration issues, environment differences, missing edge cases, performance problems, or real user behavior may expose defects not covered by isolated tests.","{""criteria"": [""Correct and thorough answer""], ""scoring"": ""rubric""}"
1e433ee3-b73d-44e5-9301-0ec7dd1128bb,"A clear, structured response mentioning key steps and rationale.","{""criteria"": [""Correct and thorough answer""], ""scoring"": ""rubric""}"
1e930963-9949-4957-bd04-ad9cbdecedad,"I would implement Floyd's Tortoise and Hare algorithm to detect a cycle in the linked list. This involves using two pointers that move at different speeds to determine if they meet, indicating a cycle.","{""criteria"": [""Correct and thorough answer""], ""scoring"": ""rubric""}"
1ec6927c-87ff-4210-9468-d627599a061c,"Analyzing errors in the fraud detection model is important because it helps identify patterns that can lead to model improvements. By understanding the reasons behind false positives, we can refine our feature set and adjust thresholds to enhance accuracy.","{""criteria"": [""Correct and thorough answer""], ""scoring"": ""rubric""}"
1f0f75ed-39a0-4259-bfde-d00d6cb465d9,"Supervised learning is appropriate because the problem has past examples with known outcomes, allowing the model to learn patterns that relate learner inputs to pass or fail labels.","{""criteria"": [""Correct and thorough answer""], ""scoring"": ""rubric""}"
1fa2fac0-d091-4db6-8fc3-0280f38dd564,"Thinking in layers is useful because it narrows the problem space, helps isolate whether the issue is in addressing, transport, application behavior, or another level, and makes troubleshooting more systematic.","{""criteria"": [""Correct and thorough answer""], ""scoring"": ""rubric""}"
1fcbc409-0e83-4a3d-b3dd-87cbeaec1c87,"Addressing and subnetting help infrastructure roles organize devices, segment networks, manage access, and troubleshoot connectivity systematically in larger environments.","{""criteria"": [""Correct and thorough answer""], ""scoring"": ""rubric""}"
1ffb100d-8204-467c-aabd-e6dbfc94f2fa,,"{""criteria"": [""Correct and clear answer""], ""scoring"": ""rubric""}"
200107c3-9f22-44a6-a262-eefa3406647d,,"{""criteria"": [""Correct and clear answer""], ""scoring"": ""rubric""}"
2061bc78-5328-4d7f-838e-86fafcaf4887,,"{""criteria"": [""Correct and clear answer""], ""scoring"": ""rubric""}"
20ec89f6-059a-454f-b79d-66d948dee51c,"The app should identify a gap in JavaScript event handling and DOM interaction, because interactivity requires responding to user actions and updating page behavior programmatically.","{""criteria"": [""Correct and thorough answer""], ""scoring"": ""rubric""}"
222fff17-f426-456b-92a6-eb69ed334365,,"{""criteria"": [""Correct and clear answer""], ""scoring"": ""rubric""}"
224ca8ea-70af-4c7e-bb78-1eb143179ae6,"The app should recommend layout and spacing fundamentals such as the box model, margin, padding, and consistent styling rules, because visual clarity often depends on these basics.","{""criteria"": [""Correct and thorough answer""], ""scoring"": ""rubric""}"
228b2a00-9acc-4d5f-b290-ed351a8ef5e0,"The app should explicitly explain that binary search depends on order. It should show a counterexample on unsorted data, then prompt the learner either to sort first or to choose linear search.","{""criteria"": [""Correct and thorough answer""], ""scoring"": ""rubric""}"
22953f72-03df-4f99-9e5a-bb6d5754a774,,"{""criteria"": [""Correct and clear answer""], ""scoring"": ""rubric""}"
238f6f15-f987-4fd4-acf8-d74939a26173,"A clear, structured response mentioning key steps and rationale.","{""criteria"": [""Correct and thorough answer""], ""scoring"": ""rubric""}"
23e71b7a-ff8d-4d74-8d05-b3615a8c393a,"Unsupervised learning is useful for questions about hidden patterns, natural groupings, or structure in data when no labels are already given.","{""criteria"": [""Correct and thorough answer""], ""scoring"": ""rubric""}"
23ec3fee-01cb-4c25-9580-c17b0d94545a,"The DOM is a structured representation of the webpage that JavaScript can read and modify, allowing developers to update content, styles, and behavior dynamically.","{""criteria"": [""Correct and thorough answer""], ""scoring"": ""rubric""}"
23f8a7f6-b3a9-4dc0-87cb-8a7073aa2809,"It is a professional concern because real-world frontend work also depends on accessibility, maintainability, search friendliness, and clear structure, not just appearance.","{""criteria"": [""Correct and thorough answer""], ""scoring"": ""rubric""}"
24b7ffb0-b09b-4924-bcaf-87aa1cd03815,,"{""criteria"": [""Correct and clear answer""], ""scoring"": ""rubric""}"
24c3e0b9-4fcc-4aa0-bb5f-c42ddac2e443,"The four necessary conditions are mutual exclusion, hold and wait, no preemption, and circular wait. If all four hold simultaneously, deadlock can occur.","{""criteria"": [""Correct and thorough answer""], ""scoring"": ""rubric""}"
256a4c74-3bea-4f9f-942d-7bd99ccc631d,"The app should suggest PaaS or SaaS depending on the use case, but for building and deploying custom applications quickly, PaaS is often the best starting point because it reduces infrastructure management overhead.","{""criteria"": [""Correct and thorough answer""], ""scoring"": ""rubric""}"
256cbb71-3cd2-4288-a4b5-0d6784f66123,"Structure a concise, evidence-backed response.","{""criteria"": [""Correct and thorough answer""], ""scoring"": ""rubric""}"
25753204-eec1-4ae9-ba69-031870d10099,"The app should surface the importance of environment consistency and deployment packaging, showing how containers or standardized pipelines reduce differences between local development and production.","{""criteria"": [""Correct and thorough answer""], ""scoring"": ""rubric""}"
26356753-7446-485a-8644-ec44c9ff826b,"A strong response identifies the bottleneck, limits blast radius, and explains how success will be measured.","{""criteria"": [""Correct and thorough answer""], ""scoring"": ""rubric""}"
26d05080-e8ab-4edf-a203-1e2e526a4cb0,"The app should suggest breaking the program into smaller functions, because modular code is easier to read, test, debug, and reuse.","{""criteria"": [""Correct and thorough answer""], ""scoring"": ""rubric""}"
27794e7a-5d1e-419e-9de6-a484b7e3d3ff,"A clear, structured response mentioning key steps and rationale.","{""criteria"": [""Correct and thorough answer""], ""scoring"": ""rubric""}"
27c4f8ad-fa6f-40bb-87c5-981c32382b20,,"{""criteria"": [""Correct and clear answer""], ""scoring"": ""rubric""}"
28936e38-5608-4f55-a6a4-b1390a2b994e,,"{""criteria"": [""Correct and clear answer""], ""scoring"": ""rubric""}"
28b94411-e5c8-4910-83e2-3860be6cbfe8,"The app should explain that testing is valuable throughout development, from unit testing early components to integration and system testing later, helping detect defects sooner and reduce cost.","{""criteria"": [""Correct and thorough answer""], ""scoring"": ""rubric""}"
29ca0444-7284-4cda-93e5-14a5ed7357a0,,"{""criteria"": [""Correct and clear answer""], ""scoring"": ""rubric""}"
2a4c18f5-9b39-4498-8c5b-8e3bc37b94f5,"Probability helps quantify uncertainty, estimate expected correctness rates, compare question difficulty, and guide content balancing decisions.","{""criteria"": [""Correct and thorough answer""], ""scoring"": ""rubric""}"
2b231d21-9062-4d04-bd3a-338e1deada57,,"{""criteria"": [""Correct and clear answer""], ""scoring"": ""rubric""}"
2b9902f5-b522-4ad0-86f2-a84270215f49,"The app should encourage writing pseudocode or a stepwise plan first, because it helps clarify logic, reduce confusion, and expose mistakes before implementation.","{""criteria"": [""Correct and thorough answer""], ""scoring"": ""rubric""}"
2c03cf48-c2b7-47f0-ba65-f019ead1ed74,"A queue follows FIFO and is useful for print job scheduling, while a stack follows LIFO and is useful for undo operations or function calls.","{""criteria"": [""Correct and thorough answer""], ""scoring"": ""rubric""}"
2c1e7938-f054-46c9-8979-df0073b4a296,"A clear, structured response mentioning key steps and rationale.","{""criteria"": [""Correct and thorough answer""], ""scoring"": ""rubric""}"
2c95084b-008c-41b0-bf3a-4a7d17b21599,"Joins and key relationships should be reinforced first, because the learner needs to understand how related tables connect through primary and foreign keys before combining data correctly.","{""criteria"": [""Correct and thorough answer""], ""scoring"": ""rubric""}"
2cc607ab-7a6d-4828-969d-11a4048c25cf,,"{""criteria"": [""Correct and clear answer""], ""scoring"": ""rubric""}"
2de55221-39a7-476b-a30d-ce74156a8a8b,"A clear, structured response mentioning key steps and rationale.","{""criteria"": [""Correct and thorough answer""], ""scoring"": ""rubric""}"
2de84a01-7108-4313-92d4-953b9245462b,,"{""criteria"": [""Correct and clear answer""], ""scoring"": ""rubric""}"
2df6d9cb-b0d3-416a-82dd-0b8873763b45,Choosing the earliest finishing activity in activity selection or using high-value denominations in some coin systems are common greedy-style examples.,"{""criteria"": [""Correct and thorough answer""], ""scoring"": ""rubric""}"
2f90b6cc-3c92-46e5-96b3-a0e4e72ad397,,"{""criteria"": [""Correct and clear answer""], ""scoring"": ""rubric""}"
2f9c9157-5b6a-408b-b770-2cca8f4ea760,"The platform should highlight scalability and elasticity, because cloud systems can allocate more resources to handle spikes in demand without redesigning the application immediately.","{""criteria"": [""Correct and thorough answer""], ""scoring"": ""rubric""}"
311f1282-d942-4287-992c-2cbf1c767512,"The app should introduce planning because multi-step scenarios require thinking ahead, sequencing actions, and considering how current choices affect future outcomes.","{""criteria"": [""Correct and thorough answer""], ""scoring"": ""rubric""}"
317e01c6-0710-4c1d-9698-281f37813e45,,"{""criteria"": [""Correct and clear answer""], ""scoring"": ""rubric""}"
32b0dc91-233d-419e-bf26-5a6a17f7f0aa,"High availability matters for educational platforms because learners may rely on assessments, deadlines, and practice sessions at any time, and downtime can disrupt trust, progress, and scheduled activity.","{""criteria"": [""Correct and thorough answer""], ""scoring"": ""rubric""}"
336c436d-aa8c-469d-a264-369c87706c68,,"{""criteria"": [""Correct and clear answer""], ""scoring"": ""rubric""}"
33ce29cf-80f1-4955-9132-3eb04ed10255,,"{""criteria"": [""Correct and clear answer""], ""scoring"": ""rubric""}"
34e2fac1-ecea-4be9-bd1d-9513146eb744,"The platform should highlight that AI may infer conclusions from incomplete, weak, or misleading information, so human review is important for correctness, context, and responsibility.","{""criteria"": [""Correct and thorough answer""], ""scoring"": ""rubric""}"
353d5008-ff71-4497-88c7-a1f232522a63,"Charts make data easier to understand by showing patterns, comparisons, and trends visually.","{""criteria"": [""Correct and thorough answer""], ""scoring"": ""rubric""}"
357fdb42-787d-4a9a-bc8f-573597b7b04a,"Learning from examples means the system infers patterns from data, while hard-coded rules are explicitly written by developers. Machine learning adapts from examples rather than relying only on manually specified logic.","{""criteria"": [""Correct and thorough answer""], ""scoring"": ""rubric""}"
361518c0-8ab6-4b66-9d1f-3cbc07f5298e,,"{""criteria"": [""Correct and clear answer""], ""scoring"": ""rubric""}"
361eb603-8c60-4955-84c1-e936c011ecdf,The concept of processes and threads can help explain how multiple tasks appear active through concurrent execution and scheduling.,"{""criteria"": [""Correct and thorough answer""], ""scoring"": ""rubric""}"
36820e97-4a21-47e0-bab7-a4be75765ff0,"A tree-like structure is useful because it naturally organizes levels of hierarchy, supports parent-child navigation, and helps map broader categories into increasingly specific concepts.","{""criteria"": [""Correct and thorough answer""], ""scoring"": ""rubric""}"
36904959-a907-45fa-9f7f-5c0c912ff0f6,,"{""criteria"": [""Correct and clear answer""], ""scoring"": ""rubric""}"
37034a5c-f5e8-4617-a9aa-6886e4214e71,"Structure a concise, evidence-backed response.","{""criteria"": [""Correct and thorough answer""], ""scoring"": ""rubric""}"
37ec7484-93d3-44ff-998f-50031089b88d,"The app should explain that faster is not always better. Some applications need reliable, ordered delivery and error handling, which makes TCP more suitable despite extra overhead.","{""criteria"": [""Correct and thorough answer""], ""scoring"": ""rubric""}"
381d859d-b326-480a-925b-37dc34453307,"I would choose Model B because it has a better F1 score, which indicates a better balance between precision and recall. This is crucial for our task, where the cost of false positives and false negatives is significant.","{""criteria"": [""Correct and thorough answer""], ""scoring"": ""rubric""}"
385e3ce7-d4ea-4666-bbec-b2b162e4c472,"The app should introduce CI/CD pipelines, because they make build, test, and deployment steps more repeatable, faster, and less error-prone than fully manual releases.","{""criteria"": [""Correct and thorough answer""], ""scoring"": ""rubric""}"
3887c28d-e52f-4ef5-bea5-fa4eb71e9e04,,"{""criteria"": [""Correct and clear answer""], ""scoring"": ""rubric""}"
38e324c7-c566-49b4-812b-002b3b29e990,,"{""criteria"": [""Correct and clear answer""], ""scoring"": ""rubric""}"
3939f86c-3c35-448f-a118-423ca9e97b14,"A clear, structured response mentioning key steps and rationale.","{""criteria"": [""Correct and thorough answer""], ""scoring"": ""rubric""}"
39af6d83-2d99-41fb-9e99-4161685fc792,"A proton carries a positive charge, while a neutron has no charge. Both are found in the nucleus.","{""criteria"": [""Correct and thorough answer""], ""scoring"": ""rubric""}"
3a16d3f7-46f9-40a3-a04f-b8ccfec7b109,"A better task is asking the learner to build or explain a small interaction such as showing validation feedback, toggling a section, or updating content when a button is clicked. This tests actual understanding of events and DOM changes.","{""criteria"": [""Correct and thorough answer""], ""scoring"": ""rubric""}"
3a9754c7-cdf8-40fc-abc3-e701fa031b2c,,"{""criteria"": [""Correct and clear answer""], ""scoring"": ""rubric""}"
3aa593e4-b852-4b15-9b7b-39b01fa7499d,"DevOps is not just a toolset because its value comes from shared responsibility, faster feedback, collaboration, and continuous improvement across development and operations, not from tools alone.","{""criteria"": [""Correct and thorough answer""], ""scoring"": ""rubric""}"
3abf86ad-a4e2-471c-95c5-f2fd6182695a,"When splitting the dataset for training and testing, I would ensure that both sets have a similar distribution of classes. This is particularly important for imbalanced datasets to prevent the model from being biased towards the majority class.","{""criteria"": [""Correct and thorough answer""], ""scoring"": ""rubric""}"
3ace33a8-b83c-4619-ac42-e6f15ec69239,"Raw data is the unprocessed information itself, while an insight is a meaningful conclusion or interpretation drawn from analyzing that data.","{""criteria"": [""Correct and thorough answer""], ""scoring"": ""rubric""}"
3b6f4319-7481-4a3c-9676-2189ddfcdad6,The best approach to handle model versioning in a production AI system is to implement a versioning system that allows for easy rollback and testing of multiple versions. This ensures that you can revert to a previous version if a new update causes issues.,"{""criteria"": [""Correct and thorough answer""], ""scoring"": ""rubric""}"
3bd17999-ad27-49c8-9f54-1d3229475f39,"Structure a concise, evidence-backed response.","{""criteria"": [""Correct and thorough answer""], ""scoring"": ""rubric""}"
3bfa4b3a-ab17-479e-b828-7e5b19b843cd,"To ensure high availability, I would implement redundancy and failover strategies across multiple regions. This way, if one region experiences issues, the service can seamlessly switch to another region, minimizing downtime.","{""criteria"": [""Correct and thorough answer""], ""scoring"": ""rubric""}"
3cbdfb30-22aa-424b-84e1-4ceff6ddc122,"The median represents the middle value in an ordered dataset, splitting the data into two equal halves.","{""criteria"": [""Correct and thorough answer""], ""scoring"": ""rubric""}"
3d12ca69-40ff-4771-a6a3-aeadf93b44d4,"I would first compare the differences or ratios between terms, check for alternating patterns, and then test whether the same rule continues consistently to the next term.","{""criteria"": [""Correct and thorough answer""], ""scoring"": ""rubric""}"
3dd9c248-ff2e-49fa-a285-0cca603d0191,Authentication is used to verify identity.,"{""criteria"": [""Correct and clear answer""], ""scoring"": ""rubric""}"
3dff461e-aea7-4864-8d6d-bd5fc9f832da,Pseudocode is an informal step-by-step description of a solution. It helps plan the logic clearly before implementing it in a programming language.,"{""criteria"": [""Correct and thorough answer""], ""scoring"": ""rubric""}"
3f9c6424-7947-4fce-a9dc-d0f9328a66c4,"I would introduce arrays as a way to store many similar values under one name, such as quiz scores or daily practice counts, and then show how indexing allows access to each item.","{""criteria"": [""Correct and thorough answer""], ""scoring"": ""rubric""}"
3fd13226-6cdd-41e6-927d-96c39fa627e8,"A tree is hierarchical, with parent-child relationships and branching, while linear data structures arrange elements in a sequence.","{""criteria"": [""Correct and thorough answer""], ""scoring"": ""rubric""}"
402e76d4-fa77-4aff-89fc-f5f5bf50363e,First find the increase: 600 - 500 = 100. Then divide by the original price and multiply by 100: (100/500) × 100 = 20%.,"{""criteria"": [""Correct and thorough answer""], ""scoring"": ""rubric""}"
403c6942-50ae-40d0-97eb-f8d60d079491,I would ensure that the split maintains the distribution of the target variable in both the training and testing sets to avoid any bias in the evaluation of the model.,"{""criteria"": [""Correct and thorough answer""], ""scoring"": ""rubric""}"
40617a36-6122-4e92-94f6-190a01c2b6d9,,"{""criteria"": [""Correct and clear answer""], ""scoring"": ""rubric""}"
40c89e63-f2e5-400f-bed1-fedc27d274c5,,"{""criteria"": [""Correct and clear answer""], ""scoring"": ""rubric""}"
410718f0-b664-4ce2-9b34-c2e956c7a42c,"I would analyze the extent of the missing values and choose to fill them with the mean of the respective columns, as this is a common practice that maintains the dataset's integrity.","{""criteria"": [""Correct and thorough answer""], ""scoring"": ""rubric""}"
410771de-3962-4cd2-92e8-7021826da8d8,,"{""criteria"": [""Correct and clear answer""], ""scoring"": ""rubric""}"
41abbc47-712c-498b-9b3e-c1e1e4273435,"To handle unexpected biases in an AI model, it is essential to communicate the findings to stakeholders and initiate a plan for model retraining. This may involve collecting more diverse data and implementing fairness metrics to ensure the model performs equitably across all demographic groups.","{""criteria"": [""Correct and thorough answer""], ""scoring"": ""rubric""}"
41ae89a5-5089-4fb2-89eb-eb918da4e14c,,"{""criteria"": [""Correct and clear answer""], ""scoring"": ""rubric""}"
4230ab87-7c82-4c62-8c7f-f5d5204ecbb4,IaaS offers the most control over infrastructure but requires more management. PaaS abstracts much of the platform so developers can focus on applications. SaaS offers the least operational responsibility because users consume ready-to-use software.,"{""criteria"": [""Correct and thorough answer""], ""scoring"": ""rubric""}"
42c8dce7-87c7-4ed0-a018-b056af5e481d,,"{""criteria"": [""Correct and clear answer""], ""scoring"": ""rubric""}"
4318dda2-dce8-45ff-88b3-3a28ea049aa8,"To improve the explainability of an AI model, especially in sensitive applications like loan approval, it is important to implement explainable AI techniques and provide insights into feature importance. This helps stakeholders understand how decisions are made and builds trust in the system.","{""criteria"": [""Correct and thorough answer""], ""scoring"": ""rubric""}"
4369b71c-296e-41cd-b94d-d9148edde339,"Tagging issues by layer is useful because it narrows the diagnostic scope, helps retrieval of similar incidents, and makes troubleshooting more structured by separating physical, transport, application, and other concerns.","{""criteria"": [""Correct and thorough answer""], ""scoring"": ""rubric""}"
441ee532-9602-4b8d-b500-f29e5b1565cd,Binary search performs fewer checks because it repeatedly halves the remaining search space instead of scanning items one by one.,"{""criteria"": [""Correct and thorough answer""], ""scoring"": ""rubric""}"
44391147-13cc-4e3e-9f33-393571d09ce5,,"{""criteria"": [""Correct and clear answer""], ""scoring"": ""rubric""}"
448b2818-0179-4308-aa50-2325e8c6f184,"The concern is starvation, where some tasks wait too long due to scheduling policy. The discussion should include fairness mechanisms and tradeoffs between priority and responsiveness.","{""criteria"": [""Correct and thorough answer""], ""scoring"": ""rubric""}"
4530f6fe-f67a-40d4-b15d-75358d1ec13b,,"{""criteria"": [""Correct and clear answer""], ""scoring"": ""rubric""}"
4632265d-c64c-41d7-86b6-293c86e98563,"To ensure the model is ready for deployment, I would run extensive validation tests, checking performance metrics against a holdout dataset. Additionally, I would assess its scalability and reliability under expected production loads.","{""criteria"": [""Correct and thorough answer""], ""scoring"": ""rubric""}"
46fc723a-3034-43fa-ba51-31b01399d6be,"It should visualize how linear search may inspect items one by one while binary search repeatedly halves the remaining search space, leading to far fewer checks on large sorted lists.","{""criteria"": [""Correct and thorough answer""], ""scoring"": ""rubric""}"
4759032d-cd7e-4617-9ad7-8186b3c82f7c,"Structure a concise, evidence-backed response.","{""criteria"": [""Correct and thorough answer""], ""scoring"": ""rubric""}"
48ebb49b-8058-434a-aa2d-9e5c9f6743c9,,"{""criteria"": [""Correct and clear answer""], ""scoring"": ""rubric""}"
49607f81-09a7-4e45-b14f-23d52662d4c3,,"{""criteria"": [""Correct and clear answer""], ""scoring"": ""rubric""}"
4a1ebad5-825c-444f-abc7-2bd89358cf96,"Structure a concise, evidence-backed response.","{""criteria"": [""Correct and thorough answer""], ""scoring"": ""rubric""}"
4a712880-a246-467a-9a7b-31293d054a58,,"{""criteria"": [""Correct and clear answer""], ""scoring"": ""rubric""}"
4b3051c7-df43-4e2c-85aa-89999ea82a69,,"{""criteria"": [""Correct and clear answer""], ""scoring"": ""rubric""}"
4b749c4d-6e51-4c72-a2e4-e0418340a6a1,The app should teach the WHERE clause because it allows filtering rows based on conditions such as score greater than 80.,"{""criteria"": [""Correct and thorough answer""], ""scoring"": ""rubric""}"
4b805b08-a5db-4cb2-8754-cf579784a3f5,"A clear, structured response mentioning key steps and rationale.","{""criteria"": [""Correct and thorough answer""], ""scoring"": ""rubric""}"
4c04038f-bb98-42bb-925e-ee156b485a84,"Poor-quality features may fail to capture useful patterns, introduce noise, or misrepresent the problem, so even a strong algorithm cannot learn effectively from weak inputs.","{""criteria"": [""Correct and thorough answer""], ""scoring"": ""rubric""}"
4c515526-952a-456c-a7bb-984439487b38,Conduction should be highlighted because heat travels through the solid metal spoon from the hot end in contact with the soup to the cooler handle.,"{""criteria"": [""Correct and thorough answer""], ""scoring"": ""rubric""}"
4daab4aa-3989-44aa-b80f-e3cd9583ac89,Electric charge is a property of matter that causes electrical attraction or repulsion between objects.,"{""criteria"": [""Correct and thorough answer""], ""scoring"": ""rubric""}"
4e4fa288-84e6-45c7-9e9d-4a5bdec15029,"Requirement clarity is important because it defines what data must be stored, how users interact with the system, and what outcomes the app must deliver, reducing rework and misalignment.","{""criteria"": [""Correct and thorough answer""], ""scoring"": ""rubric""}"
501b5650-7eda-4aff-b19e-17da53807d1b,"The app should guide the learner through checking voltage source, continuity, current path, resistance, and whether the circuit is complete. Ohm’s law and basic circuit flow are key starting points.","{""criteria"": [""Correct and thorough answer""], ""scoring"": ""rubric""}"
5165a9c3-03d1-4f4e-b786-22868912ca2e,,"{""criteria"": [""Correct and clear answer""], ""scoring"": ""rubric""}"
51da859b-dfff-4c36-82e8-f414bb466bde,"A clear, structured response mentioning key steps and rationale.","{""criteria"": [""Correct and thorough answer""], ""scoring"": ""rubric""}"
52ef96df-b07e-4d13-9d78-1275dbde0913,"Planning-oriented evaluation is valuable because it reveals whether the learner can explain the reasoning path and decision sequence, not just the final outcome.","{""criteria"": [""Correct and thorough answer""], ""scoring"": ""rubric""}"
5395cc1b-ade9-4b13-b302-b51bd393b0ce,"They should understand file systems because applications depend on file storage, directory structure, naming, permissions, and persistence behavior to manage user data reliably.","{""criteria"": [""Correct and thorough answer""], ""scoring"": ""rubric""}"
5396ea67-a58a-405b-a96b-a99f9d4dd9a9,,"{""criteria"": [""Correct and clear answer""], ""scoring"": ""rubric""}"
53ecb54c-b4d8-4315-8056-b5738c37369d,"Routing decisions matter because data may have multiple possible paths, and correct routing helps packets reach the intended destination efficiently and reliably across interconnected networks.","{""criteria"": [""Correct and thorough answer""], ""scoring"": ""rubric""}"
540713e0-15bb-4429-b92b-d168ad6b1b42,,"{""criteria"": [""Correct and clear answer""], ""scoring"": ""rubric""}"
541a011d-d797-478d-9122-10f6315575ac,"A clear, structured response mentioning key steps and rationale.","{""criteria"": [""Correct and thorough answer""], ""scoring"": ""rubric""}"
54295882-b4ac-40a3-ad2a-21049ddd04e0,,"{""criteria"": [""Correct and clear answer""], ""scoring"": ""rubric""}"
543d4a42-52e1-4f06-a7cc-5d06be91df30,"Using Newton’s second law, acceleration = force divided by mass = 30/10 = 3 m/s^2. This means the cart’s velocity increases by 3 m/s every second in the direction of the net force.","{""criteria"": [""Correct and thorough answer""], ""scoring"": ""rubric""}"
54c323c6-5e53-48a2-b07c-7b44d5aa243c,"The app should encourage checking data quality first, including schema consistency, missing values, unexpected categories, formatting issues, and duplicates, because many problems begin in the data rather than the model.","{""criteria"": [""Correct and thorough answer""], ""scoring"": ""rubric""}"
553427f1-5e50-4926-bb59-ef48928edce2,"I would use Matplotlib and Seaborn for visualizing the results, as they provide powerful tools for creating a variety of plots and charts.","{""criteria"": [""Correct and thorough answer""], ""scoring"": ""rubric""}"
55b47a51-c21a-4797-9b5a-0d59c32cad4a,,"{""criteria"": [""Correct and clear answer""], ""scoring"": ""rubric""}"
5635ce4e-31b2-4f41-8cc2-9019edcc0782,"A stack should be recommended because opening brackets can be pushed when seen and matched in reverse order when closing brackets appear, which follows LIFO behavior.","{""criteria"": [""Correct and thorough answer""], ""scoring"": ""rubric""}"
5641cb66-b9c0-43dd-af46-253bf3540af9,I would approach feature selection by combining domain knowledge with statistical methods to identify relevant features. This ensures that the selected features contribute meaningfully to the model's predictive power while maintaining interpretability.,"{""criteria"": [""Correct and thorough answer""], ""scoring"": ""rubric""}"
56f01dc1-5167-475f-b932-072d3c1d98b6,"There are 5 total balls and 2 favorable blue balls, so the probability is 2/5.","{""criteria"": [""Correct and thorough answer""], ""scoring"": ""rubric""}"
57c22fc8-dbb6-4627-a128-b78b161fa7fb,"A layered model is useful because it breaks complex communication into understandable responsibilities, helping learners see how each level contributes to sending and receiving data.","{""criteria"": [""Correct and thorough answer""], ""scoring"": ""rubric""}"
5813c5ff-969a-4e9d-981d-ab33ce94faa5,I would implement a microservices architecture that allows for auto-scaling based on user demand. This ensures that the platform can handle peak loads efficiently while maintaining security and cost-effectiveness.,"{""criteria"": [""Correct and thorough answer""], ""scoring"": ""rubric""}"
59d3d00e-7cd0-409b-863b-4daab3e02c8d,Inheritance allows a new class to reuse and extend properties or behavior from an existing class.,"{""criteria"": [""Correct and thorough answer""], ""scoring"": ""rubric""}"
5a7a1a6e-c741-420e-94db-094016861cfd,"The app should recommend using a longer, stronger password or passphrase and ideally a password manager, because short simple passwords are much easier to guess or crack.","{""criteria"": [""Correct and thorough answer""], ""scoring"": ""rubric""}"
5b108b61-e101-4715-b428-105ca576a558,"Maintenance is not just about bug fixing because real software also needs usability improvements, updates for changing needs, refinements based on feedback, and adaptation to new contexts.","{""criteria"": [""Correct and thorough answer""], ""scoring"": ""rubric""}"
5c841e48-d151-4815-91d7-e4270b118e6d,"A variable name is the identifier used in code, the value is the actual stored data, and the data type defines what kind of data it can hold. For example, in int age = 21, 'age' is the name, 21 is the value, and int is the data type.","{""criteria"": [""Correct and thorough answer""], ""scoring"": ""rubric""}"
5d2890d0-18a4-4c69-b88d-d97657b77c8f,"Linear search works on any list, including unsorted data, and is simple for small or one-time searches. Binary search requires sorted data but is much more efficient on large ordered collections.","{""criteria"": [""Correct and thorough answer""], ""scoring"": ""rubric""}"
5d821637-91ac-4cd4-b319-1a0c7f6fa392,"Reflection is the bouncing back of light from a surface, such as seeing yourself in a mirror. Refraction is the bending of light as it passes between media, such as a straw appearing bent in water.","{""criteria"": [""Correct and thorough answer""], ""scoring"": ""rubric""}"
5da2b81d-744f-4701-ba9e-62dc9cf0bd49,ORDER BY is used to sort query results based on one or more columns in ascending or descending order.,"{""criteria"": [""Correct and thorough answer""], ""scoring"": ""rubric""}"
5dfc33aa-9233-4b46-9929-a05326d3b849,Meera is Riya’s daughter because Karan and Meera are siblings and Riya is Karan’s mother.,"{""criteria"": [""Correct and thorough answer""], ""scoring"": ""rubric""}"
5ef7cc75-5fbd-4837-bfac-dada9c07d954,"Profit amount shows the absolute gain, while profit percentage shows gain relative to investment or cost. Percentage is better for comparing performance across items of different values.","{""criteria"": [""Correct and thorough answer""], ""scoring"": ""rubric""}"
604ea365-f172-4596-aaee-ebcc4910838a,"A queue should be explained because it processes items in first-in-first-out order, which matches handling tickets in arrival sequence.","{""criteria"": [""Correct and thorough answer""], ""scoring"": ""rubric""}"
6122f96c-5c6d-49eb-b638-ea312dd385e7,"The app should reinforce encapsulation, because object state should usually be protected and accessed through controlled methods rather than unrestricted direct exposure.","{""criteria"": [""Correct and thorough answer""], ""scoring"": ""rubric""}"
61318bb6-ccf0-48b4-a183-43040fb5f439,"CI/CD is especially helpful because frequent changes can be integrated, tested, and deployed in a controlled repeatable way, reducing risk while enabling fast improvement of content and logic.","{""criteria"": [""Correct and thorough answer""], ""scoring"": ""rubric""}"
61de8fa1-6687-48a9-bf61-d7091329cf04,"The app should introduce the idea that planning and requirement understanding come before coding, because unclear goals often lead to rework and confusion later.","{""criteria"": [""Correct and thorough answer""], ""scoring"": ""rubric""}"
631e58f4-3eca-414d-9e29-a20060378fcd,"The animation can show potential energy decreasing as height decreases while kinetic energy increases as speed rises, demonstrating total mechanical energy transfer in an intuitive way.","{""criteria"": [""Correct and thorough answer""], ""scoring"": ""rubric""}"
6359ce8c-c89c-4b90-b061-3bbe65176ad6,"The system should check clarity, grammar, polite tone, relevance, structure, conciseness, and whether the response directly addresses the prompt in professional language.","{""criteria"": [""Correct and thorough answer""], ""scoring"": ""rubric""}"
6397c411-583c-49a8-a6e5-4fbb0d0d2606,A diagram showing electron transfer for ionic bonding and electron sharing for covalent bonding would help because it visually contrasts the core mechanism of each bond type.,"{""criteria"": [""Correct and thorough answer""], ""scoring"": ""rubric""}"
63c7a394-f9b2-49f3-b9be-f02b94cca54b,"Structure a concise, evidence-backed response.","{""criteria"": [""Correct and thorough answer""], ""scoring"": ""rubric""}"
6461405e-e36c-4589-8f30-6e9cda8d122d,,"{""criteria"": [""Correct and clear answer""], ""scoring"": ""rubric""}"
64b49c65-8b19-4f89-b0fd-e0ae92ac0414,Labels provide the correct target outputs that the model learns to predict from input examples.,"{""criteria"": [""Correct and thorough answer""], ""scoring"": ""rubric""}"
651fc119-256b-45c5-96f2-895c19d4a4f5,"I would profile the code to identify bottlenecks and then optimize those specific sections, possibly by using more efficient algorithms or data structures.","{""criteria"": [""Correct and thorough answer""], ""scoring"": ""rubric""}"
65206280-aa78-403b-b2a0-aa516b71cf57,"A merely reactive agent responds to immediate inputs only, while an intelligent goal-directed agent considers objectives, context, and possibly future consequences when choosing actions.","{""criteria"": [""Correct and thorough answer""], ""scoring"": ""rubric""}"
656bd6cb-3e4b-41c0-b633-db3bcdc5ff8b,"A clear, structured response mentioning key steps and rationale.","{""criteria"": [""Correct and thorough answer""], ""scoring"": ""rubric""}"
65a6e0cf-078c-4b8e-9418-27a79e4dca51,"Containers are useful because they package each service with its dependencies, making behavior more consistent across development, testing, and production environments.","{""criteria"": [""Correct and thorough answer""], ""scoring"": ""rubric""}"
65d25d7c-9ad3-4eb7-9a63-33e64752f58b,,"{""criteria"": [""Correct and clear answer""], ""scoring"": ""rubric""}"
661efa69-205f-4265-a492-7973bf969724,"Logs are detailed event records about what happened in the system, while metrics are numerical measurements that summarize system behavior such as latency, CPU use, or error rates.","{""criteria"": [""Correct and thorough answer""], ""scoring"": ""rubric""}"
69a8aabb-4121-478b-b09c-b79b302d0d83,This fits unsupervised learning because the goal is to discover underlying structure or groups in unlabeled behavior data rather than predict predefined classes.,"{""criteria"": [""Correct and thorough answer""], ""scoring"": ""rubric""}"
6b7f32cd-26c7-4ec1-bb5a-748b4867e9de,"The question should ask which users need which level of access and why, testing whether the learner can limit permissions to only what is necessary for each role rather than granting broad access by default.","{""criteria"": [""Correct and thorough answer""], ""scoring"": ""rubric""}"
6ba1a750-ae1f-4a63-9931-a349116f2f06,"The app should introduce JavaScript event handling and DOM manipulation, because button clicks trigger events and JavaScript can update page content dynamically in response.","{""criteria"": [""Correct and thorough answer""], ""scoring"": ""rubric""}"
6c05cb13-028c-44bb-ac17-a8162c94d876,Recursion is a technique where a function solves a problem by calling itself on a smaller version of the same problem until a base case is reached.,"{""criteria"": [""Correct and thorough answer""], ""scoring"": ""rubric""}"
6d194f22-448c-4c7c-8db8-53deeabc74ac,"They can be more efficient because threads share resources and support concurrency, but they are harder to write correctly because shared memory can cause race conditions, synchronization bugs, and unpredictable behavior.","{""criteria"": [""Correct and thorough answer""], ""scoring"": ""rubric""}"
6d7a7eec-d0d2-40d1-b147-9f952c6525e1,,"{""criteria"": [""Correct and clear answer""], ""scoring"": ""rubric""}"
6d878fc3-e1e5-4ab2-83d5-ed5300d2ba00,"I would use Dask or similar libraries to handle large datasets efficiently, and I would also consider processing the data in chunks to manage memory usage effectively.","{""criteria"": [""Correct and thorough answer""], ""scoring"": ""rubric""}"
6ec21106-08dc-4bad-98cd-97a975a2815d,"I would evaluate the model's performance using multiple metrics such as accuracy, precision, recall, and F1-score to get a comprehensive understanding of its effectiveness, especially since this is a classification problem.","{""criteria"": [""Correct and thorough answer""], ""scoring"": ""rubric""}"
700cebd6-0ebb-457f-a170-0b73671008cf,Work done is the product of force and displacement in the direction of the force.,"{""criteria"": [""Correct and thorough answer""], ""scoring"": ""rubric""}"
70914fc4-de59-4e4f-bcc9-1370f4874f0a,The app should point out that a pie chart is not ideal for showing changes over time. A line chart or bar chart would better represent monthly trends.,"{""criteria"": [""Correct and thorough answer""], ""scoring"": ""rubric""}"
70a5b9b5-51e0-4ac1-ba56-39dfb148221b,"For detecting rare events like fraud, I would prioritize recall to ensure that we capture as many fraudulent transactions as possible, while also considering the F1-score to balance precision and recall.","{""criteria"": [""Correct and thorough answer""], ""scoring"": ""rubric""}"
70c77941-8349-466c-a112-f041c8b863b5,"Coordinate geometry helps calculate distances between user and center locations, compare proximity, and optionally estimate slope or directional relations when visualizing routes.","{""criteria"": [""Correct and thorough answer""], ""scoring"": ""rubric""}"
70f91ca5-842f-41cb-bcff-77bf0166a3f3,DNS translates domain names into IP addresses so devices can locate the correct servers on a network.,"{""criteria"": [""Correct and thorough answer""], ""scoring"": ""rubric""}"
7165f8af-854d-4073-bf0d-f050ca8e512f,"Feature engineering can be as important as model choice because the representation of input data strongly influences what patterns the model can detect. Well-designed features can make useful structure visible, while poor features can hide it.","{""criteria"": [""Correct and thorough answer""], ""scoring"": ""rubric""}"
71b61e59-dcd8-4ded-82a9-032477ae3462,"A directly stated fact is explicitly written in the passage, while an inference is a conclusion the reader draws using clues from the text.","{""criteria"": [""Correct and thorough answer""], ""scoring"": ""rubric""}"
71febc45-8f79-44db-ac31-1e1a16b55072,"Electrons occupy shells around the nucleus, and the number of electrons in the outermost shell affects bonding and reactivity. Atoms with nearly full or nearly empty outer shells tend to react to reach stability.","{""criteria"": [""Correct and thorough answer""], ""scoring"": ""rubric""}"
72442891-9508-46fd-b0b1-2be71cf82a24,"Planning-based questions are useful because they reveal whether the user can sequence actions, anticipate consequences, manage tradeoffs, and move systematically toward a goal rather than just recall isolated facts.","{""criteria"": [""Correct and thorough answer""], ""scoring"": ""rubric""}"
733e41b9-863d-43c4-8582-4bb177ea2016,"A file system organizes, stores, retrieves, and manages files and directories on storage devices.","{""criteria"": [""Correct and thorough answer""], ""scoring"": ""rubric""}"
7396f959-b505-47fb-abd7-9faea857072c,,"{""criteria"": [""Correct and clear answer""], ""scoring"": ""rubric""}"
73a43a67-1bc5-4245-97b8-51b482ea4518,,"{""criteria"": [""Correct and clear answer""], ""scoring"": ""rubric""}"
73a7d572-a265-4fc3-9e6b-0b38ca58ab19,,"{""criteria"": [""Correct and clear answer""], ""scoring"": ""rubric""}"
7449f165-145c-4b44-b034-69bd946bb0cb,"The app should build toward ORDER BY for ranking, aggregate functions if needed, and possibly window functions later for advanced leaderboard handling. At the basic level, sorting and filtering are the first steps.","{""criteria"": [""Correct and thorough answer""], ""scoring"": ""rubric""}"
74912736-27f3-4772-a601-63b163ad64ef,It is risky because two variables moving together does not prove that one causes the other. Other hidden factors or coincidence may explain the pattern.,"{""criteria"": [""Correct and thorough answer""], ""scoring"": ""rubric""}"
75ef252d-5684-467e-b7de-9fe50b34fa41,"An if statement makes a decision once based on a condition, while a loop repeats a block of code as long as a condition or iteration rule requires it.","{""criteria"": [""Correct and thorough answer""], ""scoring"": ""rubric""}"
785c84eb-5fee-40d0-9f0d-9de3144d7a5c,,"{""criteria"": [""Correct and clear answer""], ""scoring"": ""rubric""}"
790480a9-6276-4d7c-b394-f8f67d864b87,"Semantic structure matters because it shows whether the candidate understands maintainable markup, accessibility, and content organization, which are important in professional frontend work beyond visual styling.","{""criteria"": [""Correct and thorough answer""], ""scoring"": ""rubric""}"
7a077ce1-5753-44d1-98a8-320710adf103,"Requirement quality is especially important because poor schema and retrieval requirements can lead to unusable tagging, weak search relevance, and inconsistent evaluation logic across the system.","{""criteria"": [""Correct and thorough answer""], ""scoring"": ""rubric""}"
7a2c5477-5874-4c23-addd-ef6af7b8a1a0,,"{""criteria"": [""Correct and clear answer""], ""scoring"": ""rubric""}"
7ad63977-0599-4fb7-9b47-4661e27362b7,,"{""criteria"": [""Correct and clear answer""], ""scoring"": ""rubric""}"
7b8ed734-acca-40f7-9343-7897fbb00db3,"Planning considers future steps and goal achievement over time, while immediate reaction focuses only on the current moment without a broader action sequence.","{""criteria"": [""Correct and thorough answer""], ""scoring"": ""rubric""}"
7bc47cf9-c202-43f5-ab3f-909fff165d3e,Polymorphism allows the same interface or method name to behave differently depending on the object using it.,"{""criteria"": [""Correct and thorough answer""], ""scoring"": ""rubric""}"
7bc71a9b-fafc-4fd4-8866-a863d3a2bb5c,,"{""criteria"": [""Correct and clear answer""], ""scoring"": ""rubric""}"
7c0c09b4-c537-4adc-964b-16bacb36bdaa,"Authentication verifies who a user is, while authorization determines what that user is allowed to access or do.","{""criteria"": [""Correct and thorough answer""], ""scoring"": ""rubric""}"
7c914c75-afe8-4305-bf36-2814f382f431,"Structure a concise, evidence-backed response.","{""criteria"": [""Correct and thorough answer""], ""scoring"": ""rubric""}"
7cab104f-5526-4a25-9637-292bde090fdb,"Cleaning should be a core step because merged data often contains missing values, duplicate records, and inconsistencies that can distort insights and recommendations if ignored.","{""criteria"": [""Correct and thorough answer""], ""scoring"": ""rubric""}"
7d3cdac8-fea4-4a72-9b4a-7762b4bd91dd,"Making every attribute public reduces control over object state, increases coupling, and makes it harder to protect data integrity.","{""criteria"": [""Correct and thorough answer""], ""scoring"": ""rubric""}"
7e024dec-daa9-4216-9af0-cdf393eb4519,,"{""criteria"": [""Correct and clear answer""], ""scoring"": ""rubric""}"
7ef087ac-4b94-46a0-86c0-c9365669797c,,"{""criteria"": [""Correct and clear answer""], ""scoring"": ""rubric""}"
7ff75798-b495-4103-ad43-4817205e4770,"The app should introduce fairness, waiting time, response time, throughput, and starvation risk, showing that scheduling is about multiple tradeoffs rather than speed alone.","{""criteria"": [""Correct and thorough answer""], ""scoring"": ""rubric""}"
808ce609-02c2-4ce3-812c-58b67c8692c5,"To ensure that my model is not overfitting, I would use cross-validation and monitor its performance on a validation set to check for discrepancies between training and validation accuracy.","{""criteria"": [""Correct and thorough answer""], ""scoring"": ""rubric""}"
80cd0361-3e08-4ef4-822a-cae51dee0e33,,"{""criteria"": [""Correct and clear answer""], ""scoring"": ""rubric""}"
81ef7bbe-b3a8-4367-a6f6-ac753e86468d,"The app should explain that a switch mainly forwards data within a local network, while a router connects different networks and decides where packets should go next.","{""criteria"": [""Correct and thorough answer""], ""scoring"": ""rubric""}"
8268b5e3-3cf8-477d-b5fa-beae03930ffd,"The app should highlight redundancy and update anomalies, because repeating mentor information across many rows can cause inconsistency and make maintenance harder.","{""criteria"": [""Correct and thorough answer""], ""scoring"": ""rubric""}"
833d7448-6838-4d2b-823c-58b1a5f4f59e,A router forwards data packets between different networks and helps determine the path they should take.,"{""criteria"": [""Correct and thorough answer""], ""scoring"": ""rubric""}"
834fda2b-5103-42cb-b3ae-991f46608ed7,,"{""criteria"": [""Correct and clear answer""], ""scoring"": ""rubric""}"
839bdb0c-901f-4fe3-8f7d-a3979c2b8ecb,"Error analysis is crucial as it allows us to identify specific areas where the model is underperforming, which can guide us in making targeted improvements.","{""criteria"": [""Correct and thorough answer""], ""scoring"": ""rubric""}"
83e1c479-f57d-4c8d-a000-eb4ad6c4bdf1,,"{""criteria"": [""Correct and clear answer""], ""scoring"": ""rubric""}"
83fe5f9e-8bb8-4859-ae58-a8b0c5b9dfbb,,"{""criteria"": [""Correct and clear answer""], ""scoring"": ""rubric""}"
840db862-67b1-45e4-bb17-e80530757160,"Hello [Name], I would like to request a brief meeting to discuss the current project delay and possible next steps. Please let me know a convenient time for you.","{""criteria"": [""Correct and thorough answer""], ""scoring"": ""rubric""}"
84a2c665-6c1c-450a-bf2a-5d2215c1bb28,,"{""criteria"": [""Correct and clear answer""], ""scoring"": ""rubric""}"
859638a9-3141-4caf-8b1b-5ea365edadef,"Linear search can still be practical for very small lists, unsorted data, or one-time searches where the overhead of sorting or more complex logic is not worth it.","{""criteria"": [""Correct and thorough answer""], ""scoring"": ""rubric""}"
860fff5d-418a-495d-a8e5-15b3b41c5687,,"{""criteria"": [""Correct and clear answer""], ""scoring"": ""rubric""}"
868fd54b-f6be-4fbb-aef3-f1e2a4c0ca8b,,"{""criteria"": [""Correct and clear answer""], ""scoring"": ""rubric""}"
86c5de6a-2dc1-40f2-bf14-3e38707f709e,,"{""criteria"": [""Correct and clear answer""], ""scoring"": ""rubric""}"
86cfb503-c172-4874-9718-c851f3e9a224,A feature is an input variable or measurable property used by a model to learn patterns and make predictions.,"{""criteria"": [""Correct and thorough answer""], ""scoring"": ""rubric""}"
86e7b305-a3bd-43e1-adaf-d85fe174ad56,"A class diagram helps by showing the system’s main entities, their attributes, behaviors, and relationships, which supports structured design and communication.","{""criteria"": [""Correct and thorough answer""], ""scoring"": ""rubric""}"
86fca5e0-069f-45e8-af38-15e0b628d211,,"{""criteria"": [""Correct and clear answer""], ""scoring"": ""rubric""}"
86ffdfe1-349c-4672-9911-0225db43f98c,,"{""criteria"": [""Correct and clear answer""], ""scoring"": ""rubric""}"
877f1375-2f28-4f1c-b4de-a1e7027bd100,Redundancy improves reliability by providing backup components or duplicate resources so the system can continue operating even if one part fails.,"{""criteria"": [""Correct and thorough answer""], ""scoring"": ""rubric""}"
87c80c15-bca5-4a3f-97ee-8dcb22ddf48e,,"{""criteria"": [""Correct and clear answer""], ""scoring"": ""rubric""}"
882dd721-9523-4674-b4fa-35c4f0e594bd,"Reusing the same password is risky because if one account is compromised, attackers may try the same password on other services, causing wider account exposure.","{""criteria"": [""Correct and thorough answer""], ""scoring"": ""rubric""}"
88607ec0-7268-48e5-a107-ff6c44d64099,"A Vehicle class can be a base class, while Car and Bike are derived classes that inherit common properties such as speed or color.","{""criteria"": [""Correct and thorough answer""], ""scoring"": ""rubric""}"
88a1bf1e-eb54-488a-b18d-d6d452a8745e,"The app should encourage trend reading over time, comparing performance across periods to see whether scores, completion rates, or engagement are improving or declining.","{""criteria"": [""Correct and thorough answer""], ""scoring"": ""rubric""}"
89d0855c-d838-42b5-be64-41bdc2f6ac30,"The app should introduce transactions and atomicity, because related changes should be handled as one complete unit so partial updates do not leave the data inconsistent.","{""criteria"": [""Correct and thorough answer""], ""scoring"": ""rubric""}"
8a41c9d8-cf74-4dd7-9002-dd7856e1a21a,Both bubble sort and selection sort can still perform many comparisons in their simple forms.,"{""criteria"": [""Correct and clear answer""], ""scoring"": ""rubric""}"
8acfd20b-0c1e-4941-aae3-b8cd369cd29a,"Trees model hierarchical relationships well, so folders, subfolders, and files can be represented as parent-child structures in a natural way.","{""criteria"": [""Correct and thorough answer""], ""scoring"": ""rubric""}"
8b11c8e0-8639-4bfa-bb16-8ae862e17b59,,"{""criteria"": [""Correct and clear answer""], ""scoring"": ""rubric""}"
8c601f54-d7db-4113-8508-dc8b3fb0ad06,,"{""criteria"": [""Correct and clear answer""], ""scoring"": ""rubric""}"
8d18d3be-12bd-44f3-8cbb-00e2cf1e2dba,"A clear, structured response mentioning key steps and rationale.","{""criteria"": [""Correct and thorough answer""], ""scoring"": ""rubric""}"
8d5587c8-7ef3-40e1-abc5-84e5fc223ee8,"A clear, structured response mentioning key steps and rationale.","{""criteria"": [""Correct and thorough answer""], ""scoring"": ""rubric""}"
8da231be-4969-4b7b-8f74-3c36dc78e089,,"{""criteria"": [""Correct and clear answer""], ""scoring"": ""rubric""}"
8dab4c71-f2e8-4384-9797-e242bb2570c2,Encryption is the process of converting readable data into a protected form so only authorized parties can understand it.,"{""criteria"": [""Correct and thorough answer""], ""scoring"": ""rubric""}"
8df82ac4-5fb0-4361-a9ba-4f4c9a3d98c4,,"{""criteria"": [""Correct and clear answer""], ""scoring"": ""rubric""}"
8df9b715-6353-4ae4-9663-206b4e87f82c,"Updating the DOM means changing the content, structure, or attributes of elements on a webpage through script or browser logic.","{""criteria"": [""Correct and thorough answer""], ""scoring"": ""rubric""}"
8f8e876e-221e-4088-ab52-45578285bf6e,,"{""criteria"": [""Correct and clear answer""], ""scoring"": ""rubric""}"
8fd43b59-c14a-42a9-9a96-2b867462f5f3,"They should understand phishing because users may trust system emails, so communication design, verification cues, and security awareness are essential to prevent impersonation and abuse.","{""criteria"": [""Correct and thorough answer""], ""scoring"": ""rubric""}"
9007a77b-60ce-497a-9697-848bc89105f1,,"{""criteria"": [""Correct and clear answer""], ""scoring"": ""rubric""}"
90c3ab5a-e865-4cfe-8ed8-ef966576e00c,,"{""criteria"": [""Correct and clear answer""], ""scoring"": ""rubric""}"
90dd0424-7c15-46bf-9753-66aa3a5fd691,,"{""criteria"": [""Correct and clear answer""], ""scoring"": ""rubric""}"
91ae6786-e519-41d0-a200-78c9926fa0fc,"Automated testing in the pipeline is important because it catches regressions early, increases release confidence, and reduces the chance of pushing broken changes to users.","{""criteria"": [""Correct and thorough answer""], ""scoring"": ""rubric""}"
91e09906-a184-4a9b-aee3-0c1439583278,"It should avoid a single-cause assumption because many factors could influence engagement, such as seasonality, interface changes, communication timing, or data collection differences. Careful analysis is needed before concluding the feature caused the drop.","{""criteria"": [""Correct and thorough answer""], ""scoring"": ""rubric""}"
93062ae6-22f6-400c-a87e-4cd4eb27d868,,"{""criteria"": [""Correct and clear answer""], ""scoring"": ""rubric""}"
93212b9f-a78e-438d-8a5e-ea027873dd13,,"{""criteria"": [""Correct and clear answer""], ""scoring"": ""rubric""}"
93626fb9-0b88-4024-9422-63dfb15064fb,"Monitoring is important because it helps teams observe system health, detect problems, and respond before users are heavily affected.","{""criteria"": [""Correct and thorough answer""], ""scoring"": ""rubric""}"
93841017-9c5b-4a23-a8d5-1d6aed369bc5,"If an AI model's predictions are consistently inaccurate, it is important to gather user feedback, evaluate the model's performance, and check the quality of the data being used. This can help identify the root cause of the inaccuracies and inform necessary adjustments.","{""criteria"": [""Correct and thorough answer""], ""scoring"": ""rubric""}"
944ed04c-7215-4ceb-aed9-87f67ab3caab,,"{""criteria"": [""Correct and clear answer""], ""scoring"": ""rubric""}"
9474a784-63bc-4897-a140-73906671c634,"Automation can improve security and reliability because repeatable scripted processes reduce manual mistakes, enforce standard steps, and make deployments and operations more predictable and auditable.","{""criteria"": [""Correct and thorough answer""], ""scoring"": ""rubric""}"
95196a1a-584e-4be3-9fd4-8a83cc551882,The lagging predictions could be due to the model not capturing seasonal patterns effectively. I would improve the model by incorporating seasonal indicators and lagged variables to better align predictions with actual sales.,"{""criteria"": [""Correct and thorough answer""], ""scoring"": ""rubric""}"
9529a576-d452-43b8-8a02-8123e03ac86c,"The app should suggest slowing down to identify topic sentences, repeated ideas, and concluding lines to better capture the main idea before making inferences.","{""criteria"": [""Correct and thorough answer""], ""scoring"": ""rubric""}"
956f5a8b-dcbc-4b1e-bd07-305541acc947,A boolean stores true/false values.,"{""criteria"": [""Correct and clear answer""], ""scoring"": ""rubric""}"
95817abd-3fd7-45a3-adf7-755c159df58c,"An organization may choose hybrid cloud to balance flexibility and control, keeping sensitive workloads private while using public cloud resources for scalability or less sensitive services.","{""criteria"": [""Correct and thorough answer""], ""scoring"": ""rubric""}"
95b505e0-30be-4e53-a9ba-f9714e375894,"To ensure that an AI model remains compliant with data privacy regulations, it is essential to implement data anonymization techniques and obtain user consent before processing personal data. Regular compliance audits should also be conducted to ensure ongoing adherence to regulations.","{""criteria"": [""Correct and thorough answer""], ""scoring"": ""rubric""}"
95f15959-1f8d-4bd6-bd84-1bbcbfd4b680,,"{""criteria"": [""Correct and clear answer""], ""scoring"": ""rubric""}"
9600ec1a-ac5f-4680-857f-4d78251039a9,The main idea is the central point or overall message that the passage is trying to communicate.,"{""criteria"": [""Correct and thorough answer""], ""scoring"": ""rubric""}"
96cb8115-9b87-4480-be08-8396d925fa21,"To reverse the linked list in place, I would iterate through the list while changing the next pointers of each node to point to the previous node. This way, I can reverse the list without using additional space.","{""criteria"": [""Correct and thorough answer""], ""scoring"": ""rubric""}"
9785c244-bc74-4440-8cc1-ced9ce908efb,A good prompt would ask the learner to explain or implement two different classes using the same method name with different behaviors through overriding or interfaces.,"{""criteria"": [""Correct and thorough answer""], ""scoring"": ""rubric""}"
97a9ea6f-d959-4483-ad33-97a1749be423,,"{""criteria"": [""Correct and clear answer""], ""scoring"": ""rubric""}"
99404d7a-0964-41ab-be3a-20dc4236661e,Planning in AI is deciding a sequence of actions to achieve a goal from a given starting state.,"{""criteria"": [""Correct and thorough answer""], ""scoring"": ""rubric""}"
9a46b21a-0930-42b9-aaff-9015d095eb3c,A stands for Atomicity.,"{""criteria"": [""Correct and thorough answer""], ""scoring"": ""rubric""}"
9b353acc-a265-4130-8c3e-e16485cfd8e1,"The basic idea behind DevOps culture is collaboration between development and operations to deliver software faster, more reliably, and with shared responsibility.","{""criteria"": [""Correct and thorough answer""], ""scoring"": ""rubric""}"
9bb3d6fd-b791-4589-8087-00df0ce97254,,"{""criteria"": [""Correct and clear answer""], ""scoring"": ""rubric""}"
9bf13d99-5cc7-4896-acee-a08d352403a9,A stack is useful for undo operations in editors or for function call management in programming.,"{""criteria"": [""Correct and thorough answer""], ""scoring"": ""rubric""}"
9c2b03ea-7aa0-432c-bae4-b487bf0a887c,,"{""criteria"": [""Correct and clear answer""], ""scoring"": ""rubric""}"
9cbe7651-3218-4c48-ae7d-b13c4ad468a1,"A clear, structured response mentioning key steps and rationale.","{""criteria"": [""Correct and thorough answer""], ""scoring"": ""rubric""}"
9cc7b881-e4f6-45e7-afc1-a2c38a3142b3,"The app should introduce core security principles such as confidentiality, integrity, and availability, showing that cybersecurity is also about protecting systems, data correctness, and continuous access.","{""criteria"": [""Correct and thorough answer""], ""scoring"": ""rubric""}"
9cca57f4-855f-4299-ae25-aaa7adac39fd,"Reasoning systems depend on the quality of their knowledge base because incomplete, incorrect, or poorly structured knowledge leads to weak or wrong conclusions even if the inference process itself is sound.","{""criteria"": [""Correct and thorough answer""], ""scoring"": ""rubric""}"
9e1ce5c9-316b-41e7-ad97-327e115337a9,"The app should emphasize the base case and the idea that each recursive call solves a smaller version of the same problem, because this helps learners mentally organize the call flow.","{""criteria"": [""Correct and thorough answer""], ""scoring"": ""rubric""}"
9ec50109-c0bc-4976-9214-bea696eb9152,"A queue is a natural fit because it follows first-in-first-out order, matching the idea that the first customer to arrive is the first to be served.","{""criteria"": [""Correct and thorough answer""], ""scoring"": ""rubric""}"
9f9a224f-700f-47df-ac13-67991a85a307,Each device needs an address so data can be sent to and received from the correct destination rather than getting mixed up with other devices.,"{""criteria"": [""Correct and thorough answer""], ""scoring"": ""rubric""}"
a08388bc-d040-4c23-a896-246992db6b48,"Let the number be x. Then x + 7 = 25, so x = 18.","{""criteria"": [""Correct and thorough answer""], ""scoring"": ""rubric""}"
a1ca2fab-9382-4a5b-9f6f-1863984131c8,"The system should say the score increased by 12 points from a base of 40, so the improvement is (12/40) × 100 = 30%. It should explain both the absolute change and the percentage change.","{""criteria"": [""Correct and thorough answer""], ""scoring"": ""rubric""}"
a25aace9-1456-49ed-b072-55517191953b,,"{""criteria"": [""Correct and clear answer""], ""scoring"": ""rubric""}"
a31a95c3-26c3-4f3d-b8fe-1d024de7ea0e,"Structure a concise, evidence-backed response.","{""criteria"": [""Correct and thorough answer""], ""scoring"": ""rubric""}"
a330d7ad-9d4b-4957-9be6-d03d74f49cc4,A strong password is important because it makes unauthorized access much harder and helps protect personal and organizational data.,"{""criteria"": [""Correct and thorough answer""], ""scoring"": ""rubric""}"
a39da4b2-e382-4339-9c23-4e38033ccbd5,"Consistency means a transaction must take the database from one valid state to another valid state. For example, if a rule says an order must reference a valid customer, a transaction should never leave the database with an order linked to a non-existent customer.","{""criteria"": [""Correct and thorough answer""], ""scoring"": ""rubric""}"
a437bfd8-f11b-4aaf-8655-d92bb4216d38,"Missing data refers to values that are absent from a dataset. It can be a problem because it may distort analysis, reduce reliability, or hide real patterns.","{""criteria"": [""Correct and thorough answer""], ""scoring"": ""rubric""}"
a438bdfb-cda0-4cce-af94-c81101dc8ce8,Abstraction means showing only essential details and hiding unnecessary implementation details. It helps reduce complexity and makes systems easier to use and understand.,"{""criteria"": [""Correct and thorough answer""], ""scoring"": ""rubric""}"
a4de7cb7-e5c7-4b14-8a0c-931ffc9cfc0b,,"{""criteria"": [""Correct and clear answer""], ""scoring"": ""rubric""}"
a4f815d7-0918-4aa7-b3e7-b839e056aed3,,"{""criteria"": [""Correct and clear answer""], ""scoring"": ""rubric""}"
a55f5f22-3d58-49aa-a426-c8e486c0ad03,,"{""criteria"": [""Correct and clear answer""], ""scoring"": ""rubric""}"
a643a196-6f72-4adb-a190-5a55cc5f89a9,"This reveals a gap in monitoring, alerting, and operational observability. The system should have detected failures through logs, metrics, or alerts before users were affected for so long.","{""criteria"": [""Correct and thorough answer""], ""scoring"": ""rubric""}"
a66f3467-330f-4354-84c9-4bb8e2c22d58,"At x = 3 the denominator becomes zero, so the original expression is undefined. But factorizing gives (x-3)(x+3)/(x-3), which simplifies to x+3 for x not equal to 3. Therefore the limit exists and equals 6.","{""criteria"": [""Correct and thorough answer""], ""scoring"": ""rubric""}"
a6b5b1ca-08fd-4d32-a6e7-159a709f3ed8,A greedy algorithm makes the best immediate or local choice at each step in the hope of reaching a good overall solution.,"{""criteria"": [""Correct and thorough answer""], ""scoring"": ""rubric""}"
a72343eb-181e-456a-8b39-0e9b2e13435d,"Comparing simple sorting algorithms is useful because it builds foundational algorithmic thinking, helps learners understand tradeoffs, and makes later advanced sorting concepts easier to grasp.","{""criteria"": [""Correct and thorough answer""], ""scoring"": ""rubric""}"
a86068a0-0fcf-4ce2-92c9-4c137d8de826,"A strong response identifies the bottleneck, limits blast radius, and explains how success will be measured.","{""criteria"": [""Correct and thorough answer""], ""scoring"": ""rubric""}"
a873d160-e442-42d0-b23d-b5421f6281cc,,"{""criteria"": [""Correct and clear answer""], ""scoring"": ""rubric""}"
a882bc7a-3871-4798-9125-79bb0ad91f27,"A simple starting explanation is search and goal-directed problem solving, where the system evaluates possible next actions in order to move toward a desired outcome.","{""criteria"": [""Correct and thorough answer""], ""scoring"": ""rubric""}"
a8d63708-31d5-4a16-8be7-af9cbd47e7a5,Trigonometric ratios can be used to estimate the height of a building or tower by measuring the angle of elevation and the distance from the observer.,"{""criteria"": [""Correct and thorough answer""], ""scoring"": ""rubric""}"
aa4c5e7c-1157-48da-8334-133b421fdd34,,"{""criteria"": [""Correct and clear answer""], ""scoring"": ""rubric""}"
aa4daaed-5baf-4d4d-9c44-5160928fa325,I would add a family-tree sketching tool or guided diagram feature so users can visualize relationships step by step instead of mentally tracking all links.,"{""criteria"": [""Correct and thorough answer""], ""scoring"": ""rubric""}"
aaee7c17-ca51-435d-b712-2ec5e1b06346,"To handle the increased traffic, I would implement load balancing and scale the infrastructure accordingly. This ensures that the model can maintain performance levels and provide a good user experience during peak times.","{""criteria"": [""Correct and thorough answer""], ""scoring"": ""rubric""}"
ab12f332-cb02-43a8-8fa9-c70f45e210ac,"The app should connect DNS resolution and HTTP request flow. First the domain name is resolved to an IP address, then the browser can send an HTTP request to the server.","{""criteria"": [""Correct and thorough answer""], ""scoring"": ""rubric""}"
ac8b532d-d856-4560-936a-609762dd1c99,"When deploying an AI model in production, it is crucial to ensure that the model can handle real-time data and that its performance is monitored continuously. This includes checking for data drift and ensuring that the model remains relevant and effective over time.","{""criteria"": [""Correct and thorough answer""], ""scoring"": ""rubric""}"
ad0fe9ae-cb6e-45e0-8907-691f6911be87,"I would first calculate the length of the linked list, then determine the position of the node to remove. After that, I would traverse the list again to the correct position and remove the node.","{""criteria"": [""Correct and thorough answer""], ""scoring"": ""rubric""}"
ad1134d9-62b0-4313-a192-da07bd8bfd48,"It helps model rate-based behavior, compare average completion speeds, and estimate time outcomes when pace changes across users or sections.","{""criteria"": [""Correct and thorough answer""], ""scoring"": ""rubric""}"
b058b507-0839-4077-8594-2cc67f769806,,"{""criteria"": [""Correct and clear answer""], ""scoring"": ""rubric""}"
b0a54390-34f4-4527-ba62-89521cb8c56b,"Security is not only technical because users make decisions about passwords, suspicious links, sharing access, and device usage. Even strong systems can be weakened by unsafe behavior.","{""criteria"": [""Correct and thorough answer""], ""scoring"": ""rubric""}"
b0ff98b9-f65a-4373-be58-0902f0724e46,,"{""criteria"": [""Correct and clear answer""], ""scoring"": ""rubric""}"
b2726bee-c42f-4fd7-a039-8f06641cd0ea,"Atomicity ensures that either the full transfer completes or none of it does, preventing cases where money is deducted from one account but not added to another.","{""criteria"": [""Correct and thorough answer""], ""scoring"": ""rubric""}"
b2b75fa8-53a4-490d-8e93-01ebc191441e,"The best practice is to log all relevant events, including warnings, errors, and performance metrics. This comprehensive logging allows for better troubleshooting and understanding of the model's behavior in production.","{""criteria"": [""Correct and thorough answer""], ""scoring"": ""rubric""}"
b34b8f62-a3bf-4f7e-b811-f8d76cfe685b,,"{""criteria"": [""Correct and clear answer""], ""scoring"": ""rubric""}"
b47f40c7-4b06-4350-8153-46afc448f9a1,"The explanation should focus on the tradeoff between reliability and low latency. File downloads benefit from reliable ordered delivery, while real-time communication often values speed and lower delay.","{""criteria"": [""Correct and thorough answer""], ""scoring"": ""rubric""}"
b5afdb66-7e02-434a-88df-edaa9093c4cc,"Monitoring plays a crucial role in identifying performance issues and optimizing costs. By continuously tracking resource usage and performance metrics, I can make informed decisions to improve efficiency and reduce expenses.","{""criteria"": [""Correct and thorough answer""], ""scoring"": ""rubric""}"
b5c14efe-0a75-4be7-97f5-6fe01806badd,"The app should ask the learner to store and process a small list such as quiz marks or prices, then retrieve, update, and compute over indexed elements. This tests actual manipulation rather than definition recall.","{""criteria"": [""Correct and thorough answer""], ""scoring"": ""rubric""}"
b6641aff-060d-4877-ab35-2ec37f3e2f6f,,"{""criteria"": [""Correct and clear answer""], ""scoring"": ""rubric""}"
b8482452-3e2c-4420-ad01-f64ffb1d91cb,"Public cloud uses shared infrastructure provided by a third party over the internet, while private cloud is dedicated to a single organization and offers more control.","{""criteria"": [""Correct and thorough answer""], ""scoring"": ""rubric""}"
baba027e-95ef-4d8b-bc2e-99b9c0d5eb9b,,"{""criteria"": [""Correct and clear answer""], ""scoring"": ""rubric""}"
bb07bd7b-fbbd-4985-9d2c-f79e646e5400,The app should mention encryption because securing login alone is not enough; sensitive data should also be protected while being transmitted so intercepted information cannot be easily read.,"{""criteria"": [""Correct and thorough answer""], ""scoring"": ""rubric""}"
bb2a16d8-5bec-4a19-8275-d1e2b4b093aa,"A use case diagram shows external actors and the system functions they interact with, while a class diagram shows the internal structural design through classes, attributes, methods, and relationships.","{""criteria"": [""Correct and thorough answer""], ""scoring"": ""rubric""}"
bc57b4bf-2d1a-41b7-83b6-c18a875d681f,,"{""criteria"": [""Correct and clear answer""], ""scoring"": ""rubric""}"
bc6dc56b-e3b6-4200-aada-e22e45e7e1d0,"Feature design matters because the model can only learn from the information represented in the inputs. If answers are poorly encoded or meaningful traits are not captured, even a complex model may fail to infer useful hidden skills.","{""criteria"": [""Correct and thorough answer""], ""scoring"": ""rubric""}"
bc958727-b01a-4309-8b77-5c40cb406413,,"{""criteria"": [""Correct and clear answer""], ""scoring"": ""rubric""}"
bc995f24-298b-4ba4-8cd8-94d6fa33e6a6,Could you please share an update on the status of my application?,"{""criteria"": [""Correct and thorough answer""], ""scoring"": ""rubric""}"
bcb6689d-1d37-48ec-9bd6-a45877d5d845,,"{""criteria"": [""Correct and clear answer""], ""scoring"": ""rubric""}"
bd728581-ca40-40c5-9d40-e3465ea96d75,"Encapsulation localizes change by controlling how internal state is accessed. This reduces unintended side effects, improves modularity, and makes future updates safer and easier.","{""criteria"": [""Correct and thorough answer""], ""scoring"": ""rubric""}"
bf4ec48e-715f-4ffc-8d67-aae4d40647f7,,"{""criteria"": [""Correct and clear answer""], ""scoring"": ""rubric""}"
bfbb429b-e2d9-4d27-b54e-23c2d0d6ce10,"This creates rigid and misleading designs, making code harder to extend correctly. The app should teach using inheritance only for true 'is-a' relationships and considering composition when behavior reuse is needed without hierarchy.","{""criteria"": [""Correct and thorough answer""], ""scoring"": ""rubric""}"
bff37a49-c2c5-4d8e-9ef5-ae5d5835c7bb,,"{""criteria"": [""Correct and clear answer""], ""scoring"": ""rubric""}"
c033df76-ec95-4d44-86d4-d42dd9c9368a,"The app should explain authorization and access control, because the issue is not identity verification but incorrect permission assignment after login.","{""criteria"": [""Correct and thorough answer""], ""scoring"": ""rubric""}"
c03797cb-6e31-48e0-af04-d14e70820952,,"{""criteria"": [""Correct and clear answer""], ""scoring"": ""rubric""}"
c0953fc0-2866-46ec-85e6-548d182d257e,"The app should identify deadlock, because each service is waiting for a resource held by the other, creating a circular wait in which neither can proceed.","{""criteria"": [""Correct and thorough answer""], ""scoring"": ""rubric""}"
c0e0a12f-71bb-4e86-b08d-2ad9f945cf29,,"{""criteria"": [""Correct and clear answer""], ""scoring"": ""rubric""}"
c24b0a24-77c0-48e8-8e3a-da4aa2b90edd,"A clear, structured response mentioning key steps and rationale.","{""criteria"": [""Correct and thorough answer""], ""scoring"": ""rubric""}"
c267ae80-03ab-43ec-99aa-0dd38b4f78c9,A model should be evaluated on separate data to check whether it generalizes well and can make useful predictions on new unseen cases rather than just remembering training examples.,"{""criteria"": [""Correct and thorough answer""], ""scoring"": ""rubric""}"
c29343b9-16a5-4480-8674-d7c5bc19cda0,"A navigation app is an intelligent agent because it perceives location and traffic conditions, then suggests actions or routes to help reach a destination efficiently.","{""criteria"": [""Correct and thorough answer""], ""scoring"": ""rubric""}"
c29683b8-6a46-418e-aa41-8374a68bab6d,"Simple accuracy is not enough because average performance can hide weak performance on important subgroups. Evaluation should consider error patterns, fairness, and business impact, not just one summary number.","{""criteria"": [""Correct and thorough answer""], ""scoring"": ""rubric""}"
c2da3428-12ad-4c52-b4d0-db3f0450e059,"A deadlock is a situation where processes are stuck waiting for resources held by each other, so none of them can continue.","{""criteria"": [""Correct and thorough answer""], ""scoring"": ""rubric""}"
c33befcc-5f5e-4585-ba19-6ba848566752,"Pseudocode improves team problem-solving because it expresses logic in a language-independent, structured way that others can review, discuss, and refine before implementation begins.","{""criteria"": [""Correct and thorough answer""], ""scoring"": ""rubric""}"
c41a4bae-37d3-4d8f-8096-24dcc98fd88c,,"{""criteria"": [""Correct and clear answer""], ""scoring"": ""rubric""}"
c48eca0c-d0c8-46e7-83bc-39995af03f5d,,"{""criteria"": [""Correct and clear answer""], ""scoring"": ""rubric""}"
c4e1c42e-bafd-47b5-8b94-e53c296b6c52,"To enhance the feature set, I would incorporate additional features from customer feedback and engagement metrics. This could provide more context and help the model capture the underlying patterns related to customer churn.","{""criteria"": [""Correct and thorough answer""], ""scoring"": ""rubric""}"
c4ee2346-6417-4811-88cb-0e91a373b4fa,,"{""criteria"": [""Correct and clear answer""], ""scoring"": ""rubric""}"
c52a283d-5b1c-4c8b-ab36-162af2c91dab,,"{""criteria"": [""Correct and clear answer""], ""scoring"": ""rubric""}"
c5ee8ae5-09c5-4bbc-b000-3000a021f428,Normalization is the process of organizing database tables to reduce redundancy and improve consistency.,"{""criteria"": [""Correct and thorough answer""], ""scoring"": ""rubric""}"
c8b9223d-075e-4f2e-be84-6582b2dd7606,"Corrected sentence: 'Neither the manager nor the employees were informed properly.' The verb agrees with the subject closest to it, which is 'employees,' so 'were' is correct.","{""criteria"": [""Correct and thorough answer""], ""scoring"": ""rubric""}"
ca7c7999-215a-45af-b5b5-ff4f28d60df6,"Label quality is important because if past outcomes are wrong or inconsistent, the model learns misleading patterns and may make unreliable intervention recommendations.","{""criteria"": [""Correct and thorough answer""], ""scoring"": ""rubric""}"
cb672c07-02a4-4b99-ab64-15c3cc590722,"Array indexing means accessing elements by their position number. Off-by-one mistakes happen because many languages start indexing at 0, so developers may miscalculate the first or last valid position.","{""criteria"": [""Correct and thorough answer""], ""scoring"": ""rubric""}"
ccd71676-c863-4298-8e12-14cad9e0ef44,,"{""criteria"": [""Correct and clear answer""], ""scoring"": ""rubric""}"
cd0c67ca-2c9d-4521-a7a3-7c8bf38657f4,"The app should move from definition-based learning to realistic scenario practice, cue recognition, and decision-based exercises that train judgment under uncertainty rather than memorization alone.","{""criteria"": [""Correct and thorough answer""], ""scoring"": ""rubric""}"
ce18f5c3-d41e-4cc4-a260-b4f27e016c07,"Confidentiality matters because user assessment data may be sensitive, and integrity matters because corrupted or altered mappings and scores would damage trust, recommendations, and decision quality.","{""criteria"": [""Correct and thorough answer""], ""scoring"": ""rubric""}"
ce497025-2422-44b4-8c95-d6af1ac990a9,"Structure a concise, evidence-backed response.","{""criteria"": [""Correct and thorough answer""], ""scoring"": ""rubric""}"
cef76e4c-387f-4264-9f99-53b37f3e361e,,"{""criteria"": [""Correct and clear answer""], ""scoring"": ""rubric""}"
d00056b3-1436-4d06-8568-7c71f0d3a55d,,"{""criteria"": [""Correct and clear answer""], ""scoring"": ""rubric""}"
d044a812-19e8-426d-8fa9-26ba4751a05b,"It should emphasize fairness, responsiveness, waiting time, and how different scheduling strategies affect user and system performance.","{""criteria"": [""Correct and thorough answer""], ""scoring"": ""rubric""}"
d06ecd4e-2728-42e4-89a1-9da49532448e,"The module should reinforce atomic structure, effective nuclear charge, shell arrangement, and how these explain trends like atomic size, ionization energy, and electronegativity.","{""criteria"": [""Correct and thorough answer""], ""scoring"": ""rubric""}"
d13f6acd-eaa9-4730-a6e0-4c94a7ccc8b0,"Protecting data at rest means securing stored data such as files or databases, while protecting data in transit means securing data as it moves across networks between systems.","{""criteria"": [""Correct and thorough answer""], ""scoring"": ""rubric""}"
d164e4fb-de00-4926-aef8-e3dd622cd449,"The app should explain that cloud computing is not just remote hardware, but an on-demand model providing scalable, managed, network-accessible resources and services.","{""criteria"": [""Correct and thorough answer""], ""scoring"": ""rubric""}"
d1b25972-c0a7-4fd1-90de-febf7742c278,,"{""criteria"": [""Correct and clear answer""], ""scoring"": ""rubric""}"
d2043d8d-4bfd-4754-a8c7-314e63672cd7,"Directories help organize files into structured groups, making storage easier to navigate, manage, and secure.","{""criteria"": [""Correct and thorough answer""], ""scoring"": ""rubric""}"
d366804f-5187-4f98-b170-cac7f5e2e07b,,"{""criteria"": [""Correct and clear answer""], ""scoring"": ""rubric""}"
d47ecb93-4ac6-4ad0-80d8-fae06559be93,"Event-driven thinking is important because user interfaces react to clicks, typing, scrolling, and other actions, so developers must design code around events and responses rather than fixed linear execution only.","{""criteria"": [""Correct and thorough answer""], ""scoring"": ""rubric""}"
d48c556e-624a-4a39-81fb-0704fc4e29e1,,"{""criteria"": [""Correct and clear answer""], ""scoring"": ""rubric""}"
d4bbe301-57ff-4309-8b23-618d89487cab,"Linear search is a good starting algorithm because it is simple to understand, works on unsorted data, and helps learners build step-by-step checking logic.","{""criteria"": [""Correct and thorough answer""], ""scoring"": ""rubric""}"
d52825df-daa7-4581-8caa-2d9c61adf432,"Repeated data can cause redundancy, inconsistent updates, wasted space, and insertion or deletion anomalies.","{""criteria"": [""Correct and thorough answer""], ""scoring"": ""rubric""}"
d63fe2c8-92f5-4ef1-bd0f-b72c74a05e82,,"{""criteria"": [""Correct and clear answer""], ""scoring"": ""rubric""}"
d66fff47-7841-4c0a-8aa1-b54190b2c242,I would implement load balancing and auto-scaling to dynamically allocate resources based on the traffic. This ensures that the application remains responsive and can handle the increased load efficiently.,"{""criteria"": [""Correct and thorough answer""], ""scoring"": ""rubric""}"
d67002ed-3052-4a0d-af1a-a946488af2ae,"A base case is necessary to stop recursive calls. Without it, the function would continue calling itself indefinitely and could cause a stack overflow.","{""criteria"": [""Correct and thorough answer""], ""scoring"": ""rubric""}"
d671b2d6-56c7-4fa1-b58a-b8bec4c7cc2b,,"{""criteria"": [""Correct and clear answer""], ""scoring"": ""rubric""}"
d678b360-36bf-446c-8e06-afa083015110,,"{""criteria"": [""Correct and clear answer""], ""scoring"": ""rubric""}"
d68489cb-1d47-49a9-860e-b308cebb7a80,"Deadlocks can be difficult to debug because the system may simply appear frozen, multiple processes may be involved, and the issue depends on timing and resource interaction rather than a single obvious code error.","{""criteria"": [""Correct and thorough answer""], ""scoring"": ""rubric""}"
d7142fb2-17da-4831-83a9-21b5ef780030,"This metadata is useful because it helps the system retrieve the right analytical context, such as time-series interpretation or visualization guidance, instead of only matching generic analytics text.","{""criteria"": [""Correct and thorough answer""], ""scoring"": ""rubric""}"
d78b6543-92ec-494c-a870-d006be10b719,,"{""criteria"": [""Correct and clear answer""], ""scoring"": ""rubric""}"
d7a26958-8317-44e2-91cb-c122272cfd91,,"{""criteria"": [""Correct and clear answer""], ""scoring"": ""rubric""}"
d7c0dc1b-984d-47ad-80b5-5e59a97fe099,"I would use a two-pointer technique to traverse both linked lists simultaneously, comparing the current nodes and appending the smaller node to the new merged list. This ensures that the merged list remains sorted.","{""criteria"": [""Correct and thorough answer""], ""scoring"": ""rubric""}"
d81afcd6-12d8-4e81-a041-6a4978cad453,"The passenger’s body tends to remain in motion due to inertia, so when the bus stops, the body keeps moving forward briefly.","{""criteria"": [""Correct and thorough answer""], ""scoring"": ""rubric""}"
d84874a8-fbb8-488d-9062-b0e3aa834e0f,"The app should explain that clusters are pattern-based groupings, not guaranteed business truths. Their usefulness depends on data quality, feature choice, and whether the discovered structure aligns with real decision needs.","{""criteria"": [""Correct and thorough answer""], ""scoring"": ""rubric""}"
d9026c4e-ff9e-4500-aad9-712d83a9d24d,"I would conduct a thorough analysis of dependencies and perform extensive testing before migration to ensure compatibility. Additionally, I would plan for potential downtime and communicate with stakeholders to minimize disruption.","{""criteria"": [""Correct and thorough answer""], ""scoring"": ""rubric""}"
d965d65c-7a82-4ede-8a2d-37a4d54e4edd,,"{""criteria"": [""Correct and clear answer""], ""scoring"": ""rubric""}"
d9db74c6-5b66-41ef-9af2-2b8f8c4fea65,"A prompt like designing a library, banking, or course enrollment system would test whether learners can identify entities, attributes, methods, and interactions as objects.","{""criteria"": [""Correct and thorough answer""], ""scoring"": ""rubric""}"
da2b41f4-45d7-4cdf-9070-751d8c4e349d,The question should present unfamiliar compounds or structures and ask the learner to justify classification based on bond types rather than recall labels. This tests concept transfer rather than rote memory.,"{""criteria"": [""Correct and thorough answer""], ""scoring"": ""rubric""}"
dbf730bb-7824-46ba-b686-141a8b5d7355,,"{""criteria"": [""Correct and clear answer""], ""scoring"": ""rubric""}"
dc3b9714-ffbd-48a9-a280-354a746e15d9,,"{""criteria"": [""Correct and clear answer""], ""scoring"": ""rubric""}"
dc4971bc-8815-433d-b64f-c5176794aff3,"To implement a stack using a linked list, I would use a singly linked list and always add new nodes at the head. This allows for O(1) time complexity for both push and pop operations.","{""criteria"": [""Correct and thorough answer""], ""scoring"": ""rubric""}"
dc725bc5-0c08-47bd-8a04-9c92e60c6809,,"{""criteria"": [""Correct and clear answer""], ""scoring"": ""rubric""}"
dcb69384-76cf-43b2-b3c5-4b2d3262807c,It is essential to monitor model performance after deployment to detect performance drift and make necessary adjustments. This ensures that the model remains effective and continues to meet business objectives as data patterns and user behavior evolve.,"{""criteria"": [""Correct and thorough answer""], ""scoring"": ""rubric""}"
dd887086-1cbc-47e7-93c9-555f5d49134c,"Atomic radius decreases across a period because nuclear charge increases while electrons are added to the same shell, pulling them closer to the nucleus.","{""criteria"": [""Correct and thorough answer""], ""scoring"": ""rubric""}"
ddc80fe1-0348-41aa-82e0-f0dd248bc1b7,"Inconsistent formatting can split equivalent values into different categories, break filters, and make aggregation or comparison inaccurate.","{""criteria"": [""Correct and thorough answer""], ""scoring"": ""rubric""}"
dee11239-7ce5-4e57-b4f5-5410585a9563,,"{""criteria"": [""Correct and clear answer""], ""scoring"": ""rubric""}"
df1fa530-7546-4c48-8183-f2b9fe00cce5,"The lesson is that testing and real usage can reveal issues that coding alone does not expose, so validation across different scenarios is essential.","{""criteria"": [""Correct and thorough answer""], ""scoring"": ""rubric""}"
df3c6411-bded-4037-9627-ced7e1f5939b,,"{""criteria"": [""Correct and clear answer""], ""scoring"": ""rubric""}"
df9bb0f8-8e5d-4556-82a7-687b7bad5cd0,"Continuous integration helps teams catch problems earlier because code changes are merged and tested frequently, so conflicts and defects are detected before they grow into bigger issues.","{""criteria"": [""Correct and thorough answer""], ""scoring"": ""rubric""}"
dfb99bb2-2008-4da4-8827-b6c8216bd1f0,,"{""criteria"": [""Correct and clear answer""], ""scoring"": ""rubric""}"
e1c4b9d6-4ba7-4de3-945e-04848fbf55a3,,"{""criteria"": [""Correct and clear answer""], ""scoring"": ""rubric""}"
e2576f3d-caf3-41f5-9a05-d750c154fc58,"In a linked list, insertion at the beginning can be done by changing a pointer, while arrays may require shifting multiple elements.","{""criteria"": [""Correct and thorough answer""], ""scoring"": ""rubric""}"
e316de49-4272-4671-bb31-3cdae65024fb,,"{""criteria"": [""Correct and clear answer""], ""scoring"": ""rubric""}"
e328e6ff-8f36-451f-832c-b663d7a03b0d,,"{""criteria"": [""Correct and clear answer""], ""scoring"": ""rubric""}"
e37b6f2c-42f6-411f-a75d-e1740e83fcf1,"The app should say that greedy methods make local best choices, but local choices do not always guarantee the best global solution unless the problem has the right structure.","{""criteria"": [""Correct and thorough answer""], ""scoring"": ""rubric""}"
e382806d-e427-411c-8061-c4de3fd5e963,,"{""criteria"": [""Correct and clear answer""], ""scoring"": ""rubric""}"
e3ea0cba-e16e-4d68-92c0-7544a34551f7,"A singly linked list stores elements as nodes connected by pointers, so to reach a specific position you must traverse from the head node step by step instead of jumping directly by index.","{""criteria"": [""Correct and thorough answer""], ""scoring"": ""rubric""}"
e480fe4e-ff01-4195-9e0c-879953b09993,"The pencil appears bent because light rays change direction when they pass from water to air, causing refraction.","{""criteria"": [""Correct and thorough answer""], ""scoring"": ""rubric""}"
e5136f2a-410b-4282-883f-9b8019964901,"Encryption helps because intercepted data remains unreadable without the proper key, reducing the chance that attackers can use the information.","{""criteria"": [""Correct and thorough answer""], ""scoring"": ""rubric""}"
e6d84b0c-c5ac-4901-b347-5455365addf5,"It means HTML holds the content and structure, while CSS controls how that content looks, making websites easier to maintain and modify.","{""criteria"": [""Correct and thorough answer""], ""scoring"": ""rubric""}"
e79781a2-3f60-45c8-a050-754027e35a3f,,"{""criteria"": [""Correct and clear answer""], ""scoring"": ""rubric""}"
e79e39da-5c5f-4cab-800a-1949bc63d48e,"Slow feedback can delay bug detection, increase misunderstanding, prolong outages or deployment issues, and make it harder for teams to improve quickly and safely.","{""criteria"": [""Correct and thorough answer""], ""scoring"": ""rubric""}"
e86c2af8-4217-49f3-b7c7-b93968a15ce1,,"{""criteria"": [""Correct and clear answer""], ""scoring"": ""rubric""}"
e95e3ed5-db03-468f-ab26-5d0b61c77235,"The underlying issue is likely overfitting, where the model learns the training data too well but fails to generalize. I would address this by simplifying the model, possibly by reducing the number of features or using regularization techniques.","{""criteria"": [""Correct and thorough answer""], ""scoring"": ""rubric""}"
eabbd45a-655e-4057-bcfb-1eb24810bb0d,,"{""criteria"": [""Correct and clear answer""], ""scoring"": ""rubric""}"
eaee43a5-5387-45a7-aa5e-47bf40b67581,"Availability is important because users expect services to remain accessible and working when needed, even during failures or high demand.","{""criteria"": [""Correct and thorough answer""], ""scoring"": ""rubric""}"
eb2e314e-726b-4a50-bedb-44533d99e0dd,,"{""criteria"": [""Correct and clear answer""], ""scoring"": ""rubric""}"
eb5eec65-9fc3-49c9-b5b6-dec0d7f5f293,The best approach is to roll back to the previous stable version of the model while conducting a thorough investigation into the reasons for the failure. This minimizes disruption to users and allows for a more controlled environment to analyze the problem.,"{""criteria"": [""Correct and thorough answer""], ""scoring"": ""rubric""}"
eb78d80d-d01d-4c10-bdb6-9c69443be320,Percentage means per hundred and is used to express a value as a part of 100.,"{""criteria"": [""Correct and thorough answer""], ""scoring"": ""rubric""}"
ebc16fbf-ac96-45fe-a782-ce40bd45b4f5,"Before deploying, I would consider the model's ability to handle real-time data, its scalability, and how well it can adapt to changes in the data distribution.","{""criteria"": [""Correct and thorough answer""], ""scoring"": ""rubric""}"
ec75c1ed-b853-4ace-9a9e-230d89995e0c,,"{""criteria"": [""Correct and clear answer""], ""scoring"": ""rubric""}"
ed066887-9845-4c02-b723-1b1f95220843,"I would implement encryption for both data at rest and in transit to protect sensitive information. Additionally, I would regularly update software and conduct security audits to identify and mitigate vulnerabilities.","{""criteria"": [""Correct and thorough answer""], ""scoring"": ""rubric""}"
ed0bde89-f75a-4965-b709-5e10af5c1dc9,"DNS is used to translate a domain name into an IP address, while HTTP is used to request and transfer web content between a client and server.","{""criteria"": [""Correct and thorough answer""], ""scoring"": ""rubric""}"
ed399de4-baad-4510-ad37-b88953c3f9c4,,"{""criteria"": [""Correct and clear answer""], ""scoring"": ""rubric""}"
ed977a2a-fdbe-4f05-89d0-c2339db03647,,"{""criteria"": [""Correct and clear answer""], ""scoring"": ""rubric""}"
ed98fdae-8550-4ce6-8ee8-fe449029af2a,"I would implement a doubly linked list for the playlist manager. Each node would contain a song and pointers to both the next and previous songs, allowing for easy insertion, deletion, and reordering of songs.","{""criteria"": [""Correct and thorough answer""], ""scoring"": ""rubric""}"
ee364329-73e9-4e05-8263-74b29590602d,,"{""criteria"": [""Correct and clear answer""], ""scoring"": ""rubric""}"
ee4df761-753c-4323-8cde-3f27e6995c5f,,"{""criteria"": [""Correct and clear answer""], ""scoring"": ""rubric""}"
ef9c3b3b-9d31-4763-b5db-90aa8c80a761,"Routing is used to move packets between different networks, while switching is mainly used to forward data within the same local network.","{""criteria"": [""Correct and thorough answer""], ""scoring"": ""rubric""}"
f009b3b2-5dd8-4604-9214-86d1d3dff49c,"To ensure a smooth deployment, I would use a canary deployment strategy, which allows for gradual rollout and monitoring of the model's performance before full deployment. This minimizes risk and allows for quick rollback if issues arise.","{""criteria"": [""Correct and thorough answer""], ""scoring"": ""rubric""}"
f03022a3-1cb0-4a60-8ff7-96cb96022d89,"Semantic HTML improves accessibility, search understanding, maintainability, and helps tools interpret the meaning of content, not just its appearance.","{""criteria"": [""Correct and thorough answer""], ""scoring"": ""rubric""}"
f1502eec-4bc6-4785-9f89-b2d1bb32d295,"Elasticity is more useful because it allows resources to grow when demand spikes and shrink when demand falls, improving cost efficiency while still handling peak load.","{""criteria"": [""Correct and thorough answer""], ""scoring"": ""rubric""}"
f17d45fe-c7e6-4a96-9d7b-0205fc61b50e,,"{""criteria"": [""Correct and clear answer""], ""scoring"": ""rubric""}"
f27ef2cb-81fe-47b6-b7b8-d1c0e81471c5,,"{""criteria"": [""Correct and clear answer""], ""scoring"": ""rubric""}"
f2a01376-1a37-49ef-a71d-3338e95b0021,,"{""criteria"": [""Correct and clear answer""], ""scoring"": ""rubric""}"
f2bfaa83-2e79-4c7d-9181-d6582a91ef5d,"To ensure the model remains effective over time, I would implement a monitoring system to track its performance and retrain it as necessary. This is crucial to adapt to changes in user behavior and maintain accuracy.","{""criteria"": [""Correct and thorough answer""], ""scoring"": ""rubric""}"
f35fdeaf-240a-4b1c-941a-d879ae098b9b,"The feature selection process should be guided by the relevance of features to user preferences and behavior. I would prioritize features that directly influence user decisions, such as purchase history and product attributes.","{""criteria"": [""Correct and thorough answer""], ""scoring"": ""rubric""}"
f4ae7472-70c8-4a99-807a-ae7d7c50686d,"The app should surface that inferred conclusions depend on the quality, coverage, and bias of the underlying rules or patterns, so inferred hidden skills should be treated as probabilistic indicators rather than unquestionable facts.","{""criteria"": [""Correct and thorough answer""], ""scoring"": ""rubric""}"
f5e6db71-4579-40bd-8eb3-4921cd2fdf8b,"Unsupervised learning should be introduced first, because it helps discover natural groupings or patterns in data without needing labeled categories in advance.","{""criteria"": [""Correct and thorough answer""], ""scoring"": ""rubric""}"
f6346454-ec9e-4d6f-adfe-0428b9068a4c,,"{""criteria"": [""Correct and clear answer""], ""scoring"": ""rubric""}"
f66d06f4-d0df-41d6-af96-b87f8a22d1b5,"A triangle in Euclidean geometry always has interior angles summing to 180 degrees, so 200 degrees is impossible.","{""criteria"": [""Correct and thorough answer""], ""scoring"": ""rubric""}"
f6e03542-d516-4de1-ab4b-34a43a7f6d9a,"The app should recommend structured writing and reading comprehension support, because the candidate likely understands the topic but struggles to organize and express ideas clearly.","{""criteria"": [""Correct and thorough answer""], ""scoring"": ""rubric""}"
f76f9322-bb2a-474d-a268-9cd537efa74d,"I would carefully read the traceback to pinpoint the source of the error, then check the relevant code section for potential issues such as incorrect variable names or data types.","{""criteria"": [""Correct and thorough answer""], ""scoring"": ""rubric""}"
f7cbeacb-69cd-42de-89b8-26f59e43579d,"I would use a separate validation dataset to evaluate the model's performance, checking metrics such as accuracy, precision, and recall to ensure reliability.","{""criteria"": [""Correct and thorough answer""], ""scoring"": ""rubric""}"
f8440fd3-b764-4fcc-9ef1-8c3af3a05de6,"The app should recommend automating the repeated deployment steps using scripts or a pipeline so the process becomes faster, more consistent, and less error-prone.","{""criteria"": [""Correct and thorough answer""], ""scoring"": ""rubric""}"
f87b43c8-7459-4ee4-8959-086eadafdf96,"The app should explain that both are execution units, but processes usually have separate memory spaces while threads within the same process often share memory, making them lighter but requiring careful coordination.","{""criteria"": [""Correct and thorough answer""], ""scoring"": ""rubric""}"
f925af80-92e9-42b2-9dca-116ef9b4ae2d,,"{""criteria"": [""Correct and clear answer""], ""scoring"": ""rubric""}"
fa4e391d-ba22-419f-9553-d3743dcbc38f,"A strong answer should separate ingestion, cleaning, splitting, transformation, training, and evaluation into clear functions, fit preprocessing only on training data, and describe verification metrics plus deployment-safe logging.","{""criteria"": [""Correct and thorough answer""], ""scoring"": ""rubric""}"
fb800229-97a3-42f0-9537-3cbef2b89cbd,"Structure a concise, evidence-backed response.","{""criteria"": [""Correct and thorough answer""], ""scoring"": ""rubric""}"
fc15b3fe-577b-47fd-a974-fffae1a550f8,,"{""criteria"": [""Correct and clear answer""], ""scoring"": ""rubric""}"
fc416733-a71d-4568-83fb-a789569ee89c,"The app should compare arrays as contiguous indexed storage and linked lists as nodes connected by references, emphasizing flexibility in insertion and the tradeoff of slower direct access.","{""criteria"": [""Correct and thorough answer""], ""scoring"": ""rubric""}"
fcac4341-c029-4101-a140-a6ee82578469,"Version control helps track changes, coordinate teamwork, avoid overwriting each other’s work, and support rollback when needed.","{""criteria"": [""Correct and thorough answer""], ""scoring"": ""rubric""}"
fcaec4ff-7204-4610-9450-f6171d64fbd6,"A primary key uniquely identifies a row within its own table, while a foreign key references a primary key in another table. For example, users.user_id can be a primary key, and attempts.user_id can be a foreign key referencing it.","{""criteria"": [""Correct and thorough answer""], ""scoring"": ""rubric""}"
fd75cd33-269a-4508-a747-bb969a6d8366,"A/B testing is crucial as it allows for a controlled comparison between the new model and the existing one, ensuring that any performance improvements are statistically significant and beneficial for users.","{""criteria"": [""Correct and thorough answer""], ""scoring"": ""rubric""}"
fe2969bb-d2a1-42a2-8bc0-60e89d205de0,,"{""criteria"": [""Correct and clear answer""], ""scoring"": ""rubric""}"
ff1dde5c-7eee-48fc-a878-31c9741d784e,"The app should correct the choice of data type, explaining that decimal values require a floating-point type rather than an integer type.","{""criteria"": [""Correct and thorough answer""], ""scoring"": ""rubric""}"
ff502620-8075-4774-9d18-c45aa8ad32c1,"I would prioritize updates based on the business impact of each model and the feedback from users. This ensures that the most critical models receive attention first, maximizing the value delivered to the business.","{""criteria"": [""Correct and thorough answer""], ""scoring"": ""rubric""}"
ff51e826-2a50-4352-9365-7ecae1db7f39,"Functions break code into smaller reusable units, improve readability, reduce duplication, and make testing easier.","{""criteria"": [""Correct and thorough answer""], ""scoring"": ""rubric""}"
ffeb7a7d-c596-44ed-b36f-44b1d4a52fc0,,"{""criteria"": [""Correct and clear answer""], ""scoring"": ""rubric""}"
3eed386d-760b-4ea4-81fb-8176a085661b,"As x→0, (sin x)/x → 1. This is a fundamental trigonometric limit proven using the squeeze theorem.","{""criteria"": [""Defines limit correctly"", ""States L'H\u00f4pital or squeeze theorem"", ""Arrives at correct value of 1""], ""scoring"": ""1 point per criterion""}"
b6333f53-f739-44af-9ec0-6b545031a408,"From unit circle: for any angle θ, (cos θ, sin θ) lies on x²+y²=1, so sin²θ+cos²θ=1. Applications: signal processing, physics (projectile motion).","{""criteria"": [""Correct proof or derivation"", ""Two valid real-world applications"", ""Clarity of explanation""], ""scoring"": ""3 points total""}"
90691587-63bb-496e-9267-0f66b3655f17,Conduction: heat through solids (metal rod). Convection: heat through fluids (boiling water). Radiation: electromagnetic waves (sunlight). Only radiation works in a vacuum.,"{""criteria"": [""Three modes correctly named"", ""One accurate example each"", ""Identifies radiation for vacuum""], ""scoring"": ""6 points""}"
32328432-33fe-4fca-a47c-3d9c23fdbd51,"Saturated (alkanes, CnH2n+2): single bonds, used as fuels. Unsaturated (alkenes/alkynes): double/triple bonds, used in polymer synthesis and chemical manufacturing.","{""criteria"": [""Correct bond types"", ""Correct formulas"", ""Valid industrial applications for both""], ""scoring"": ""3 points""}"
d4f957f2-26a1-483a-9261-934ef7e577e3,Main idea: Remote work significantly impacts productivity and team dynamics. Supporting detail: 13% productivity increase. Inference: Organizations must invest in virtual collaboration tools.,"{""criteria"": [""Correct main idea"", ""Valid supporting detail from text"", ""Logical inference beyond the text""], ""scoring"": ""3 points""}"
5c67910b-2437-4e90-89c7-6770a3e14eb4,"The daughter is the granddaughter of the grandfather. Reasoning: Son and daughter are siblings (children of father and mother); grandfather is the father's father; therefore, the daughter is the grandfather's granddaughter.","{""criteria"": [""Correct answer"", ""Logical step-by-step reasoning"", ""Clear relationship explanation""], ""scoring"": ""3 points""}"
1570dabf-123f-4c64-9c76-f016d9cafc8b,Function isPrime(n): if n<2 return false; for i from 2 to √n: if n mod i == 0 return false; return true. Logic: check all divisors up to square root for efficiency.,"{""criteria"": [""Handles edge case n<2"", ""Correct loop boundary"", ""Correct return logic"", ""Explanation of steps""], ""scoring"": ""4 points""}"
a41151d7-5881-47b3-a36a-fdafa58ff860,"Abstract class: can have partial implementation, single inheritance. Interface: all abstract, multiple inheritance. Use abstract class when sharing common code; use interface for defining contracts across unrelated classes.","{""criteria"": [""Correct definition of both"", ""Key difference (implementation vs contract)"", ""Justified use-case for each""], ""scoring"": ""3 points""}"
de06d1d2-13f0-492e-a2ba-6d1925f435c3,"Arrays: contiguous memory, O(1) access, O(n) insertion/deletion. Linked lists: dynamic memory, O(n) access, O(1) insertion at head. Arrays preferred for random access; linked lists for frequent insertions/deletions.","{""criteria"": [""Memory comparison correct"", ""Time complexity correct for both"", ""Valid use-case preference for each""], ""scoring"": ""3 points""}"
3e6371a5-3b52-4db2-aae2-1485917105c1,"Pass 1: [3,5,1,2,8]; Pass 2: [3,1,2,5,8]; Pass 3: [1,2,3,5,8]; Pass 4: no swap — done. Time complexity: O(n²) worst/average, O(n) best (already sorted).","{""criteria"": [""Correct trace of at least 2 passes"", ""Final sorted array"", ""Correct time complexity""], ""scoring"": ""3 points""}"
cca4da7c-a10b-4a5a-b1eb-80297dc5c85d,"Atomicity: all-or-nothing (no partial transfers). Consistency: DB moves from valid state to valid state. Isolation: concurrent transactions don't interfere. Durability: committed transactions survive failures. Critical in banking to prevent fund loss, corruption, or duplication.","{""criteria"": [""All 4 properties defined correctly"", ""Banking example linked to each"", ""Clear explanation of data integrity importance""], ""scoring"": ""4 points""}"
0f611d38-1e51-451f-934d-25a51d8987d2,"FAT32: simple, max 4 GB file size, no permissions. NTFS: supports large files, file permissions, encryption, journaling, and compression. NTFS is preferred in enterprises for security, reliability, and large storage support.","{""criteria"": [""FAT32 limitations stated"", ""NTFS features described"", ""Enterprise justification given""], ""scoring"": ""3 points""}"
42316e4e-dc1e-46e9-b5d4-6fa90c112918,"Switch: Layer 2 (Data Link), forwards frames within a LAN using MAC addresses. Router: Layer 3 (Network), routes packets between different networks using IP addresses.","{""criteria"": [""Correct OSI layer for each"", ""Correct addressing mechanism"", ""Clear functional difference""], ""scoring"": ""3 points""}"
cf22118c-c827-4350-a04a-ee64febee720,"Version control tracks code changes, enables collaboration, and supports rollback. SVN (centralized): single server, single point of failure. Git (distributed): every clone is a full repo, enabling offline work, branching, and faster operations. Distributed systems are more resilient and flexible.","{""criteria"": [""Role of VCS in maintenance"", ""SVN vs Git distinction"", ""Distributed advantages stated""], ""scoring"": ""3 points""}"
0846fd66-89f0-4a18-91ba-1ea6568a51e4,"Box Model: content (actual size), padding (inner space), border (outline), margin (outer space). Default: width = content only. border-box: width includes padding + border, making layout more predictable.","{""criteria"": [""All 4 components described"", ""Default vs border-box difference"", ""Practical benefit of border-box""], ""scoring"": ""3 points""}"
bacaedc1-6256-4191-b726-99a8557d9073,"Vertical scaling: add more CPU/RAM to existing server (limited by hardware ceiling, causes downtime). Horizontal scaling: add more servers (virtually unlimited, requires load balancer). Use vertical for simple apps; horizontal for high-availability, distributed systems.","{""criteria"": [""Correct definition of both"", ""Trade-offs identified"", ""Appropriate use-case for each""], ""scoring"": ""3 points""}"
38c8cb6e-c633-45ce-9d42-a3cd105f1dc8,OWASP Top 10 lists most critical web security risks. Examples: (1) SQL Injection — mitigate with parameterized queries; (2) Broken Authentication — use MFA and secure session management; (3) XSS — sanitize user inputs and use CSP headers.,"{""criteria"": [""OWASP Top 10 concept explained"", ""3 vulnerabilities correctly described"", ""Valid mitigation for each""], ""scoring"": ""4 points""}"
e33c5f12-a8e6-4b38-9ecc-f95f6207bfe0,"High bias = underfitting (too simple). High variance = overfitting (too complex). As complexity increases, bias decreases but variance increases. Techniques: cross-validation, regularization (L1/L2), ensemble methods, dropout.","{""criteria"": [""Bias and variance defined correctly"", ""Relationship to complexity explained"", ""At least 2 balancing techniques mentioned""], ""scoring"": ""3 points""}"
896f3b87-7680-46c8-98b4-21d57d23e5e0,"As dimensions increase, data becomes sparse, distances lose meaning, and models need exponentially more data. Affects clustering, kNN. Reduction techniques: PCA, t-SNE, autoencoders, feature selection.","{""criteria"": [""Concept explained correctly"", ""Impact on model performance described"", ""At least 2 reduction techniques mentioned""], ""scoring"": ""3 points""}"
19f9615c-d0e2-4a7e-9533-4427175791d5,Descriptive: What happened? (Monthly sales report). Diagnostic: Why did it happen? (Root cause of sales drop). Predictive: What will happen? (Sales forecast). Prescriptive: What should we do? (Recommend pricing strategy).,"{""criteria"": [""All 4 types defined"", ""Business example for each"", ""Logical flow from descriptive to prescriptive""], ""scoring"": ""4 points""}"
08b61c63-12fd-4399-8f33-26847ccef0f6,"Shift-Left means moving testing earlier in the SDLC — starting at the design/coding phase rather than just before release. Early bug detection is 10-100x cheaper to fix than post-production bugs. Practices: unit tests, TDD, SAST in CI pipelines.","{""criteria"": [""Shift-Left concept defined"", ""Cost-benefit of early testing explained"", ""Specific practice or tool mentioned""], ""scoring"": ""3 points""}"
5269b3a9-f719-4e1f-a3b4-784c0b520e9a,Add 9 to both sides: 3x = 9. Divide by 3: x = 3. Verify: 3(3)-9 = 9-9 = 0 ✓.,"{""criteria"": [""Correct steps shown"", ""Correct answer x=3"", ""Verification included""], ""scoring"": ""3 points""}"
662c1d18-533e-4a05-a1a8-5b7552d9f868,"Work-Energy Theorem: W_net = ΔKE. Braking car: friction does negative work, reducing KE from ½mv² to 0. The car's stopping distance depends on initial speed squared and friction coefficient.","{""criteria"": [""Theorem derived or stated correctly"", ""Braking scenario correctly analyzed"", ""Friction role explained""], ""scoring"": ""3 points""}"
b06e7ee0-a72c-486f-8fa3-1ebe2779bc55,"Bohr: electrons in fixed circular orbits. Limitations: can't explain multi-electron atoms, fine spectral lines, or orbital shapes. Quantum model uses probability clouds (orbitals) to represent electron position.","{""criteria"": [""Bohr model described correctly"", ""At least 2 limitations stated"", ""Comparison with quantum model""], ""scoring"": ""3 points""}"
54223727-2293-4fd8-8721-a559c331bed1,"The (article/determiner), quick (adjective), fox (noun), jumps (verb), over (preposition), the (article), lazy (adjective), dog (noun).","{""criteria"": [""All 8 words labeled"", ""Correct parts of speech"", ""Brief explanation of each""], ""scoring"": ""3 points""}"
49e8b227-7102-4102-b119-46859edc0878,A is B's mother → A is C's mother (siblings) → D is C's father → A and D are spouses → D is E's son → A is E's daughter-in-law.,"{""criteria"": [""Correct relationship identified"", ""Step-by-step logic shown"", ""Clear family tree reasoning""], ""scoring"": ""3 points""}"
e9a9a328-0290-4f3f-945a-4257d2ec4b26,"Pseudocode: set low=0, high=n-1; while low≤high: mid=(low+high)/2; if arr[mid]==target return mid; elif arr[mid]<target: low=mid+1; else: high=mid-1; return -1. O(log n) vs O(n) — each step halves the search space.","{""criteria"": [""Correct pseudocode"", ""O(log n) complexity stated"", ""Comparison with linear search justified""], ""scoring"": ""3 points""}"
e919def1-103c-4cc6-86dc-5b53d9d28949,"Classes: Book (title, ISBN, author, available), Member (memberId, name, email), Loan (loanId, borrowDate, dueDate). Relationships: Member borrows Book (association via Loan); Library contains Books (composition).","{""criteria"": [""At least 3 valid classes"", ""Attributes listed for each"", ""Relationships correctly described""], ""scoring"": ""3 points""}"
d42a8378-f156-46da-9c36-0913e53380d1,"BFS (level-order): uses queue, explores layer by layer. DFS: uses stack/recursion, explores deep paths. Use BFS for shortest path (web crawling); DFS for cycle detection (maze solving). Both O(V+E) time; BFS O(V) space, DFS O(h) space where h=height.","{""criteria"": [""BFS and DFS correctly distinguished"", ""One valid use case each"", ""Correct complexities""], ""scoring"": ""3 points""}"
404ec6d0-6a61-423f-8a6d-eb99e8a33f10,"Dijkstra: initialize all distances to ∞ except source=0; pick unvisited node with min distance; update neighbors' distances; repeat. O((V+E)log V) with min-heap. Example trace with nodes A,B,C,D updating distances each iteration.","{""criteria"": [""Algorithm correctly described"", ""Example trace attempted"", ""Time complexity stated""], ""scoring"": ""3 points""}"
915929e3-5dbd-4af3-806e-37b26ab11966,"Use ROW_NUMBER() or DENSE_RANK() partitioned by department, ordered by salary DESC. Filter WHERE rank <= 3. Concepts: Window functions, CTEs or subqueries, ORDER BY.","{""criteria"": [""Correct use of ranking function"", ""Correct partitioning by department"", ""Explanation of SQL concepts used""], ""scoring"": ""3 points""}"
46e56fc1-2479-4466-89f0-c2ba0e3dda07,"Paging: fixed-size pages, eliminates external fragmentation but causes internal fragmentation. Segmentation: variable-size segments matching logical program divisions, causes external fragmentation. Paging is simpler; segmentation is more logical.","{""criteria"": [""Paging explained with advantage/disadvantage"", ""Segmentation explained with advantage/disadvantage"", ""Problem each solves identified""], ""scoring"": ""4 points""}"
4b1e4c18-e13b-4fbd-9ed3-315d98a59e2e,"CIDR allows flexible subnet sizes using prefix notation, replacing rigid Class A/B/C. /26 means 6 host bits: 2^6=64 addresses, 62 usable (subtract network and broadcast). More efficient IP allocation than classful.","{""criteria"": [""CIDR concept explained"", ""Improvement over classful stated"", ""Correct calculation: 62 hosts""], ""scoring"": ""3 points""}"
37d11b83-7a9c-4d0e-83d7-aeb502653015,"Actors: Customer, Bank Admin. Use cases: Login, View Balance, Transfer Funds, Pay Bills (Customer); Manage Accounts, Generate Reports (Admin). Relationships: include (Login included in all), extend (optional 2FA extends Login).","{""criteria"": [""At least 2 actors identified"", ""At least 4 use cases"", ""Relationships (include/extend) described""], ""scoring"": ""3 points""}"
7937c6f2-a9fd-4de9-bb6d-ee4b127bd621,"Block elements: start on new line, take full width. Examples: <div>, <p>. Inline elements: flow within text. Examples: <span>, <a>. Use block for layout sections; inline for styling within text.","{""criteria"": [""Block vs inline defined correctly"", ""Two examples each"", ""Use cases explained""], ""scoring"": ""3 points""}"
b83b4536-b21d-4cdb-94a9-b1fee04e62b9,"Serverless: cloud provider manages servers; developers deploy functions triggered by events. Advantages: no server management, pay-per-execution, auto-scaling. Limitations: cold starts, vendor lock-in, not suitable for long-running tasks. Use case: image processing triggered by file upload.","{""criteria"": [""Serverless concept correctly defined"", ""Advantages and limitations each stated"", ""Valid use case given""], ""scoring"": ""3 points""}"
eb809f26-e4c5-4fc5-8b84-926be1e21307,Confidentiality: unauthorized access (threat) — encryption (control). Integrity: data tampering (threat) — hashing/digital signatures (control). Availability: DDoS attack (threat) — redundancy/load balancing (control).,"{""criteria"": [""All 3 principles defined"", ""Threat example for each"", ""Control/mitigation for each""], ""scoring"": ""3 points""}"
2f39e6f4-ec70-4383-a531-9ffde2cbd180,"Precision: of all predicted positives, how many are truly positive. Recall: of all actual positives, how many did we detect. In cancer detection, recall is more important — missing a real case (false negative) is more dangerous than a false alarm.","{""criteria"": [""Precision and recall correctly defined"", ""Correct recommendation (recall)"", ""Justified with medical reasoning""], ""scoring"": ""3 points""}"
bcc963df-ed2a-4bcc-a206-965b3f9d1ba1,"NLP enables machines to understand and generate human language. Applications: chatbots, sentiment analysis, machine translation. Challenges: ambiguity (words with multiple meanings), sarcasm/context understanding.","{""criteria"": [""NLP correctly defined"", ""Three applications listed"", ""Two challenges identified""], ""scoring"": ""3 points""}"
f565f544-898f-4aaf-8f6c-f73b217fac7a,"1. Collection: gather from databases, APIs, CSVs. 2. Cleaning: handle nulls, duplicates, outliers. 3. Transformation: normalize, encode, feature engineer. 4. Analysis: statistical analysis, ML models. 5. Visualization: dashboards, charts. Each step feeds into the next.","{""criteria"": [""All 5 steps mentioned"", ""Brief explanation of each"", ""Logical flow between steps""], ""scoring"": ""3 points""}"
f882e5ce-d1e3-4472-8428-cc8f6ed349bc,Plan: requirements and sprint planning. Code: development. Build: compile/package. Test: automated testing. Release: artifact versioning. Deploy: push to production. Operate: run services. Monitor: track metrics. Feedback from Monitor feeds back into Plan — forming a continuous improvement loop.,"{""criteria"": [""All 8 phases mentioned"", ""Brief description of each"", ""Continuous feedback loop explained""], ""scoring"": ""4 points""}"
cae579f9-f798-4841-9295-fd47c74ffb5f,"Velocity: speed with direction (80 km/h north). Acceleration: rate of change of velocity (pressing the gas pedal increases velocity; braking is negative acceleration). They differ as velocity is state, acceleration is change.","{""criteria"": [""Correct definitions"", ""Clear distinction"", ""Real-world example""], ""scoring"": ""3 points""}"
ec36cd7a-fc7b-4f1c-a234-d2b62b6e7be0,"Subject: Request for Assignment Extension. Dear Prof. [Name], I am writing to request a one-week extension on [Assignment Name] due [date]. Due to [valid reason], I have been unable to complete it to the standard I aim for. I assure you I am committed to delivering quality work. I would be grateful if you could consider extending the deadline to [new date]. Warm regards, [Name]. Choices: formal tone, specific reason, clear request, polite closing.","{""criteria"": [""Appropriate salutation and closing"", ""Clear reason and specific request"", ""Formal tone maintained"", ""Structural explanation provided""], ""scoring"": ""4 points""}"
5c7c13f5-1b4b-477f-9776-23d2b1158ef5,Speed = 360/4 = 90 km/h. In m/s: 90 × (1000/3600) = 25 m/s.,"{""criteria"": [""Correct km/h"", ""Correct m/s"", ""Conversion shown""], ""scoring"": ""3 points""}"
f35e5601-b862-4d00-bdbf-11dc083c3764,"Encapsulation bundles data and methods. Analogy: a TV remote (you press buttons but don't see internal circuits). Getters/setters provide controlled access to private fields, preventing direct external modification.","{""criteria"": [""Correct encapsulation definition"", ""Valid analogy"", ""Getter/setter role explained""], ""scoring"": ""3 points""}"
0f647865-51b4-4f29-b232-b358fd4293ad,"Tail recursion: the recursive call is the last operation. Compilers optimize to reuse the same stack frame (no stack buildup). Example: tail_factorial(n, acc) calls tail_factorial(n-1, n*acc) as last step — O(1) stack space vs O(n) for regular recursion.","{""criteria"": [""Tail recursion defined"", ""Memory advantage explained"", ""Valid example provided""], ""scoring"": ""3 points""}"
12033268-dd10-45a0-a9c4-d9030b62852d,"Process: independent program with its own memory space, high creation overhead. Thread: lightweight execution unit within a process, shares process memory, faster to create. Multiple threads can run concurrently within one process.","{""criteria"": [""Process defined correctly"", ""Thread defined correctly"", ""Memory and overhead difference stated""], ""scoring"": ""3 points""}"
