id,question_text,question_type,difficulty,subject_id,skill_id,subskill_id,is_active,created_at
0011c7db-20a8-441e-bdce-82caf0b52da5,What is a process in an operating system?,mcq,easy,00000000-0000-0000-0000-000000000011,00000000-0000-0000-0000-000000000056,00000000-0000-0000-0000-000000000056,True,2026-04-09 04:05:07.823611+00
016ba8bf-bd81-4a60-9fd3-79e2c73bbf79,Why can skipping the requirements phase create expensive problems later?,descriptive,medium,00000000-0000-0000-0000-000000000013,00000000-0000-0000-0000-000000000066,00000000-0000-0000-0000-000000000066,True,2026-04-09 04:02:36.887894+00
02217c96-bc35-48ba-afef-d81c6c37117e,How should Artificial Intelligence decisions usually be validated before rollout?,descriptive,hard,,,,True,2026-04-14 16:12:53.974702+00
027df643-008a-42bc-83f8-432db10f7de4,Which signal most strongly indicates that Social Science work is incomplete?,descriptive,easy,,,,True,2026-04-16 14:25:21.98877+00
02a385d6-f334-4833-a01b-e6bc2ab15c7f,A recruiter wants to quickly estimate how many modules a candidate can complete if progress increases by a fixed amount each week. Why is linear thinking useful here?,descriptive,medium,00000000-0000-0000-0000-000000000001,00000000-0000-0000-0000-000000000001,00000000-0000-0000-0000-000000000001,True,2026-04-09 04:01:01.12308+00
02bc9143-72df-4dd8-abcd-9ac33e9ac12e,Why are headings and paragraphs important in HTML?,descriptive,easy,00000000-0000-0000-0000-000000000014,00000000-0000-0000-0000-000000000071,00000000-0000-0000-0000-000000000071,True,2026-04-09 04:05:53.565363+00
036d86e9-ee2a-455d-8834-fd4e466944cc,A train travels 180 km in 3 hours. What is its average speed?,mcq,medium,00000000-0000-0000-0000-000000000005,00000000-0000-0000-0000-000000000028,00000000-0000-0000-0000-000000000028,True,2026-04-09 04:03:39.936487+00
03e2be37-ed01-49b3-aa13-204860d31efa,"In a large codebase, why might abstraction improve team productivity?",descriptive,medium,00000000-0000-0000-0000-000000000007,00000000-0000-0000-0000-000000000040,00000000-0000-0000-0000-000000000040,True,2026-04-09 04:04:13.843887+00
041d1633-bb6e-4f46-b10e-f5b310eccb62,Why can choosing the wrong chart type lead to poor decisions even if the data itself is correct?,descriptive,medium,00000000-0000-0000-0000-000000000019,00000000-0000-0000-0000-000000000095,00000000-0000-0000-0000-000000000095,True,2026-04-09 04:02:45.993642+00
04d2b465-5229-472c-9d50-e5a37c1a2d5d,"In a right triangle, if opposite = 3 and hypotenuse = 5, what is sin(theta)?",mcq,easy,00000000-0000-0000-0000-000000000001,00000000-0000-0000-0000-000000000008,00000000-0000-0000-0000-000000000008,True,2026-04-09 04:00:49.633169+00
05921de7-b2b6-4a45-a48e-5e583c5462f8,What is the best first step when using Cloud Computing on a new problem?,descriptive,easy,,,,True,2026-04-14 16:13:42.189275+00
05ad1cb0-0b30-4cb4-91c4-6af486f7b1a2,What best describes strong Data Structures - Linked Lists practice in a production setting?,descriptive,medium,,00000000-0000-0000-0000-000000000042,,True,2026-04-14 16:09:18.707799+00
05e71160-ab4a-4518-8978-6ffc00e7acc6,You are designing a triangular support frame for a display stand. Why is understanding triangle properties useful in ensuring structural stability?,descriptive,medium,00000000-0000-0000-0000-000000000001,00000000-0000-0000-0000-000000000003,00000000-0000-0000-0000-000000000003,True,2026-04-09 04:00:55.000229+00
05f5c394-1fbb-4259-bbc5-d7f05da35423,What is the significance of the ROC curve in model evaluation?,descriptive,hard,,,,True,2026-04-14 10:56:11.471155+00
061e1173-0153-4b99-a330-0dcfcab097dd,Which OOP idea is most directly about exposing essential behavior while hiding implementation details?,mcq,medium,00000000-0000-0000-0000-000000000007,00000000-0000-0000-0000-000000000040,00000000-0000-0000-0000-000000000040,True,2026-04-09 04:02:05.733607+00
06e42521-9581-48bb-8114-139545bbd951,Explain how recursion can help solve a problem by reducing it into smaller subproblems.,descriptive,hard,00000000-0000-0000-0000-000000000009,00000000-0000-0000-0000-000000000049,00000000-0000-0000-0000-000000000049,True,2026-04-09 04:04:45.497762+00
078d62f4-d3c7-4068-b9a6-0576ceb47368,Evaluate lim x->2 of (x^2 - 4)/(x - 2).,mcq,medium,00000000-0000-0000-0000-000000000001,00000000-0000-0000-0000-000000000005,00000000-0000-0000-0000-000000000005,True,2026-04-09 04:00:50.567313+00
07eebb20-aa84-4824-862b-e9373951be3e,Which idea most directly helps improve service availability?,mcq,medium,00000000-0000-0000-0000-000000000015,00000000-0000-0000-0000-000000000078,00000000-0000-0000-0000-000000000078,True,2026-04-09 04:02:17.076051+00
086e0657-2cbf-4b5e-a57a-2d87822136c4,A candidate knows the term 'page fault' but cannot relate it to system behavior. What practical explanation should the app provide?,descriptive,medium,00000000-0000-0000-0000-000000000011,00000000-0000-0000-0000-000000000058,00000000-0000-0000-0000-000000000058,True,2026-04-09 04:02:09.183182+00
0879279e-f6bd-4138-a261-8b9ce23c522e,Why does virtualization make cloud infrastructure more flexible?,descriptive,medium,00000000-0000-0000-0000-000000000015,00000000-0000-0000-0000-000000000074,00000000-0000-0000-0000-000000000074,True,2026-04-09 04:02:27.539213+00
088516eb-c2ea-4b34-b60f-5a25e6ae78ca,What is the clearest warning sign that Social Science scope is too broad?,descriptive,medium,,,,True,2026-04-16 14:25:26.672042+00
0934386e-34c3-4824-8c1a-d38d109ac9c5,Why can a very high training score still be misleading?,mcq,hard,00000000-0000-0000-0000-000000000017,00000000-0000-0000-0000-000000000086,00000000-0000-0000-0000-000000000086,True,2026-04-09 04:06:58.367512+00
099cb2b8-19e9-4d75-a366-739f6e2a30fc,Your app stores users and their quiz attempts in different tables. Why is a foreign key useful here?,descriptive,easy,00000000-0000-0000-0000-000000000010,00000000-0000-0000-0000-000000000051,00000000-0000-0000-0000-000000000051,True,2026-04-09 04:04:52.919226+00
09c18116-303d-4f2a-a5bb-36bb63597520,A company stores sensitive candidate data and also runs public-facing learning content. Why might a hybrid architecture be a rational design choice?,descriptive,hard,00000000-0000-0000-0000-000000000015,00000000-0000-0000-0000-000000000077,00000000-0000-0000-0000-000000000077,True,2026-04-09 04:06:26.02071+00
0a1d488e-71c0-4b87-8ae3-70e93addd3c4,Which output proves that ML Systems decisions are measurable?,descriptive,easy,,,,True,2026-04-14 16:10:23.897311+00
0a2a5f48-5a01-4f97-ab54-dc7366b6178a,Which subatomic particle has a negative charge?,descriptive,medium,,,,True,2026-04-16 10:32:43.624619+00
0a6e2a79-ab56-47b1-8c35-377ae9dac538,A learner repeatedly memorizes word lists but fails in real comprehension tasks. How should the app change vocabulary practice to improve transfer?,descriptive,hard,00000000-0000-0000-0000-000000000004,00000000-0000-0000-0000-000000000023,00000000-0000-0000-0000-000000000023,True,2026-04-09 04:03:32.093721+00
0b71110e-ec88-4267-a1c7-f6a5706d7819,Why is data cleaning important before analysis?,mcq,easy,00000000-0000-0000-0000-000000000019,00000000-0000-0000-0000-000000000092,00000000-0000-0000-0000-000000000092,True,2026-04-09 04:01:30.938167+00
0b850653-d39c-45a0-a70c-237de6322125,Explain why good visualization is not only about aesthetics but also about accurate decision-making.,descriptive,hard,00000000-0000-0000-0000-000000000019,00000000-0000-0000-0000-000000000095,00000000-0000-0000-0000-000000000095,True,2026-04-09 04:01:48.108351+00
0c1c07e5-37e6-466e-b589-78d4302d4b85,"In a singly linked list, each node typically contains:",mcq,easy,00000000-0000-0000-0000-000000000008,00000000-0000-0000-0000-000000000042,00000000-0000-0000-0000-000000000042,True,2026-04-09 04:04:18.300675+00
0d9c9311-9afe-408a-87d5-6de3df4a7798,How would you evaluate the performance of a newly deployed machine learning model in a production environment?,descriptive,hard,,,,True,2026-04-14 16:10:24.958387+00
0dcf21d0-1e51-4a6e-963f-f8d1b6c56cdc,Which signal most strongly indicates that ML Systems work is incomplete?,descriptive,easy,,,,True,2026-04-14 16:10:16.122724+00
0fb1f5a2-57c8-4003-9b50-9343492acae7,A team wants full control over sensitive infrastructure while still using cloud ideas internally. Which deployment model should your app introduce first?,descriptive,easy,00000000-0000-0000-0000-000000000015,00000000-0000-0000-0000-000000000077,00000000-0000-0000-0000-000000000077,True,2026-04-09 04:02:42.903036+00
106839c4-f5c0-471a-9b26-587afd83b44e,You are creating an app feature that converts chemical mass to number of particles. Why is the mole concept central to this feature?,descriptive,medium,00000000-0000-0000-0000-000000000003,00000000-0000-0000-0000-000000000020,00000000-0000-0000-0000-000000000020,True,2026-04-09 04:03:15.864945+00
11b17ce2-9826-44fa-ad7f-13abaa577e05,A candidate’s page looks acceptable on desktop but breaks badly on mobile. What CSS learning gap does this reveal?,descriptive,hard,00000000-0000-0000-0000-000000000014,00000000-0000-0000-0000-000000000072,00000000-0000-0000-0000-000000000072,True,2026-04-09 04:06:12.93139+00
121352b2-43bb-47fa-ad62-4428f103feb2,Which measure is commonly used to represent the average value of a dataset?,mcq,easy,00000000-0000-0000-0000-000000000019,00000000-0000-0000-0000-000000000093,00000000-0000-0000-0000-000000000093,True,2026-04-09 04:01:31.84197+00
129172ed-6d41-458b-b710-93eee83fcbcb,"A development team throws completed code to operations with little communication, and releases keep failing. What DevOps lesson should your app emphasize?",descriptive,medium,00000000-0000-0000-0000-000000000020,00000000-0000-0000-0000-000000000100,00000000-0000-0000-0000-000000000100,True,2026-04-09 04:02:46.664732+00
12f7a356-3839-40f3-8826-114b72a355fe,Which mode of heat transfer does not require a material medium?,mcq,easy,00000000-0000-0000-0000-000000000002,00000000-0000-0000-0000-000000000015,00000000-0000-0000-0000-000000000015,True,2026-04-09 04:01:05.809662+00
1322ad5c-6de6-497e-9855-2cf0212f07f6,"In simple terms, why is TCP considered reliable?",descriptive,easy,00000000-0000-0000-0000-000000000012,00000000-0000-0000-0000-000000000062,00000000-0000-0000-0000-000000000062,True,2026-04-09 04:02:25.638586+00
147194a7-b07a-4c00-b4e3-f41c484ac6f4,What is the best first step when using Python Fundamentals for ML on a new problem?,descriptive,easy,,,,True,2026-04-14 09:17:37.743137+00
14e827cb-332f-47bb-9bef-3858fa8832e3,A learner can solve puzzles but cannot explain the steps systematically. Why are search-based AI questions useful for evaluating thinking quality?,descriptive,medium,00000000-0000-0000-0000-000000000018,00000000-0000-0000-0000-000000000089,00000000-0000-0000-0000-000000000089,True,2026-04-09 04:02:19.232357+00
157d7087-04e2-4d7f-b811-45356b033924,Which word is an adjective? 'He slowly walked to the large park.',descriptive,medium,,,,True,2026-04-16 10:32:43.624619+00
17857c44-8871-4cf4-b7a5-493cbd5c09ea,What is a use case diagram used for?,descriptive,easy,00000000-0000-0000-0000-000000000013,00000000-0000-0000-0000-000000000069,00000000-0000-0000-0000-000000000069,True,2026-04-09 04:05:40.453647+00
17a555f2-f49a-4249-9073-d5bcd7580dd3,Explain the difference between padding and margin with a practical example.,descriptive,hard,00000000-0000-0000-0000-000000000014,00000000-0000-0000-0000-000000000072,00000000-0000-0000-0000-000000000072,True,2026-04-09 04:06:10.453546+00
17bd982a-3f4d-41ef-9758-19506b94e83f,What is an array mainly used for?,mcq,easy,00000000-0000-0000-0000-000000000006,00000000-0000-0000-0000-000000000034,00000000-0000-0000-0000-000000000034,True,2026-04-09 04:03:50.599523+00
17f08f9f-ce83-494c-9d2d-f2ec98ee3020,Which subatomic particle carries a negative charge?,mcq,easy,00000000-0000-0000-0000-000000000003,00000000-0000-0000-0000-000000000016,00000000-0000-0000-0000-000000000016,True,2026-04-09 04:03:02.840364+00
18611cfb-9239-4a19-a03c-94132ad5fe1d,What makes a Data Structures - Linked Lists implementation resilient after the first release?,descriptive,hard,,00000000-0000-0000-0000-000000000042,,True,2026-04-14 16:09:22.440955+00
18a41f8d-ea30-46a6-9f4a-5a329c454ddc,Choose the correct sentence.,mcq,easy,00000000-0000-0000-0000-000000000004,00000000-0000-0000-0000-000000000022,00000000-0000-0000-0000-000000000022,True,2026-04-09 04:03:17.546063+00
19045ca2-b5ab-41b3-8229-87e44fc08d30,Explain how you would apply Algebra - Quadratic Equations in Mathematics.,descriptive,hard,00000000-0000-0000-0000-000000000001,00000000-0000-0000-0000-000000000002,00000000-0000-0000-0000-000000000002,True,2026-04-16 09:35:35.979005+00
1938ab9f-ff1f-442e-b5ee-44cab3f9f601,Why is software maintenance needed after a product is released?,descriptive,easy,00000000-0000-0000-0000-000000000013,00000000-0000-0000-0000-000000000070,00000000-0000-0000-0000-000000000070,True,2026-04-09 04:05:41.107845+00
19a8adce-7aea-4cb0-b6ba-249c73e2d074,Why is the idea of an environment important for an AI agent?,descriptive,easy,00000000-0000-0000-0000-000000000018,00000000-0000-0000-0000-000000000088,00000000-0000-0000-0000-000000000088,True,2026-04-09 04:01:21.202006+00
19d28b3f-f99f-400b-8144-c415c345b7ac,Which of the following is NOT a common method for handling missing data?,descriptive,easy,,,,True,2026-04-14 10:56:12.128809+00
1a55a447-6ded-4798-8b83-1ee8cae2b862,Identify the adjective in the sentence: 'She wore a beautiful dress to the event.'?,descriptive,medium,00000000-0000-0000-0000-000000000004,00000000-0000-0000-0000-000000000021,00000000-0000-0000-0000-000000000021,True,2026-04-09 04:03:20.894679+00
1a5a0a59-adfb-4445-98b5-e3215a66bd77,What makes a Machine Learning implementation resilient after the first release?,descriptive,hard,,,,True,2026-04-14 16:11:58.513226+00
1bef1a07-4f7f-495e-8afb-512ca87bd3c0,Which periodic trend generally increases across a period from left to right?,mcq,easy,00000000-0000-0000-0000-000000000003,00000000-0000-0000-0000-000000000019,00000000-0000-0000-0000-000000000019,True,2026-04-09 04:03:05.559558+00
1c0d9823-0a31-49ab-979a-e3f21de58694,How should Social Science decisions usually be validated before rollout?,descriptive,hard,,,,True,2026-04-16 14:25:24.183382+00
1c0f4f41-b3d3-48a2-a33d-6a7bf6d1084b,Explain one difference between alkanes and alkenes.,descriptive,medium,00000000-0000-0000-0000-000000000003,00000000-0000-0000-0000-000000000018,00000000-0000-0000-0000-000000000018,True,2026-04-09 04:03:10.796012+00
1c238d20-67ab-4b0c-ae55-1f84985b3df5,You are evaluating whether a learner understands greedy reasoning or is only memorizing examples. What kind of assessment prompt would reveal genuine understanding?,descriptive,hard,00000000-0000-0000-0000-000000000009,00000000-0000-0000-0000-000000000050,00000000-0000-0000-0000-000000000050,True,2026-04-09 04:04:46.200478+00
1d1f41fb-33a6-48d7-8d4a-093c3cf82d75,"A junior developer copies the same logic into five places in a codebase. What programming principle is being violated, and how would a function help?",descriptive,hard,00000000-0000-0000-0000-000000000006,00000000-0000-0000-0000-000000000033,00000000-0000-0000-0000-000000000033,True,2026-04-09 04:04:06.36139+00
1da09fdc-307e-41a7-95d1-9d013afba43f,Explain how you would apply Calculus - Derivatives in Mathematics.,descriptive,hard,00000000-0000-0000-0000-000000000001,00000000-0000-0000-0000-000000000006,00000000-0000-0000-0000-000000000006,True,2026-04-16 09:35:35.979005+00
1e006a21-8f55-450a-920b-13d90652ba5a,Why can a feature that passes unit tests still fail in production?,descriptive,hard,00000000-0000-0000-0000-000000000013,00000000-0000-0000-0000-000000000068,00000000-0000-0000-0000-000000000068,True,2026-04-09 04:05:50.196289+00
1e433ee3-b73d-44e5-9301-0ec7dd1128bb,Explain how you would apply Geometry - Triangles in Mathematics.,descriptive,hard,00000000-0000-0000-0000-000000000001,00000000-0000-0000-0000-000000000003,00000000-0000-0000-0000-000000000003,True,2026-04-16 09:35:35.979005+00
1e930963-9949-4957-bd04-ad9cbdecedad,You need to detect a cycle in a linked list. What algorithm would you use?,descriptive,hard,,00000000-0000-0000-0000-000000000042,,True,2026-04-14 16:09:30.820906+00
1ec6927c-87ff-4210-9468-d627599a061c,Why is it important to analyze errors in your machine learning model?,descriptive,hard,,,,True,2026-04-14 16:10:27.409056+00
1f0f75ed-39a0-4259-bfde-d00d6cb465d9,You want to predict whether a learner will pass a certification based on past labeled outcomes. Why is supervised learning an appropriate starting point?,descriptive,easy,00000000-0000-0000-0000-000000000017,00000000-0000-0000-0000-000000000084,00000000-0000-0000-0000-000000000084,True,2026-04-09 04:02:18.599725+00
1fa2fac0-d091-4db6-8fc3-0280f38dd564,Why is it useful for network engineers and backend developers to think in layers when troubleshooting communication problems?,descriptive,medium,00000000-0000-0000-0000-000000000012,00000000-0000-0000-0000-000000000061,00000000-0000-0000-0000-000000000061,True,2026-04-09 04:02:52.344389+00
1fcbc409-0e83-4a3d-b3dd-87cbeaec1c87,Your platform maps skills to departments across enterprise networks. Why might a basic understanding of addressing and subnetting still be useful for infrastructure roles?,descriptive,hard,00000000-0000-0000-0000-000000000012,00000000-0000-0000-0000-000000000063,00000000-0000-0000-0000-000000000063,True,2026-04-09 04:05:36.538114+00
1ffb100d-8204-467c-aabd-e6dbfc94f2fa,Which evidence most improves confidence in a Data Structures - Linked Lists proposal?,descriptive,medium,,00000000-0000-0000-0000-000000000042,,True,2026-04-14 16:09:23.30344+00
200107c3-9f22-44a6-a262-eefa3406647d,What makes a Cloud Computing implementation resilient after the first release?,descriptive,hard,,,,True,2026-04-14 16:13:44.398009+00
2061bc78-5328-4d7f-838e-86fafcaf4887,What does strong ownership look like when leading Cloud Computing execution?,descriptive,hard,,,,True,2026-04-14 16:13:48.297781+00
20af518e-9ebf-4ee4-b11e-7c3c944f2c1d,Which of the following best describes an insight?,mcq,easy,00000000-0000-0000-0000-000000000019,00000000-0000-0000-0000-000000000094,00000000-0000-0000-0000-000000000094,True,2026-04-09 04:02:30.107083+00
20ec89f6-059a-454f-b79d-66d948dee51c,A learner writes HTML and CSS correctly but cannot make forms interactive. What concept gap should the app identify?,descriptive,medium,00000000-0000-0000-0000-000000000014,00000000-0000-0000-0000-000000000073,00000000-0000-0000-0000-000000000073,True,2026-04-09 04:06:08.813982+00
222fff17-f426-456b-92a6-eb69ed334365,Which signal most strongly indicates that Artificial Intelligence work is incomplete?,descriptive,easy,,,,True,2026-04-14 16:12:51.773566+00
224bc452-18eb-4a7a-a045-21788a28fa40,What is elasticity in cloud computing?,mcq,medium,00000000-0000-0000-0000-000000000015,00000000-0000-0000-0000-000000000076,00000000-0000-0000-0000-000000000076,True,2026-04-09 04:06:20.314041+00
224ca8ea-70af-4c7e-bb78-1eb143179ae6,Your app reviews a user portfolio page that works but looks cluttered and inconsistent. Which CSS-focused learning outcome should be recommended first?,descriptive,medium,00000000-0000-0000-0000-000000000014,00000000-0000-0000-0000-000000000072,00000000-0000-0000-0000-000000000072,True,2026-04-09 04:06:08.111387+00
228b2a00-9acc-4d5f-b290-ed351a8ef5e0,A learner keeps applying binary search to unsorted arrays. How should the app respond to correct the misconception?,descriptive,medium,00000000-0000-0000-0000-000000000009,00000000-0000-0000-0000-000000000047,00000000-0000-0000-0000-000000000047,True,2026-04-09 04:04:43.203405+00
22953f72-03df-4f99-9e5a-bb6d5754a774,Which output proves that Machine Learning decisions are measurable?,descriptive,easy,,,,True,2026-04-14 16:12:03.114961+00
22f6be61-e89b-4cba-b2be-7809b3feca21,What is the antonym of 'expand'?,mcq,medium,00000000-0000-0000-0000-000000000004,00000000-0000-0000-0000-000000000023,00000000-0000-0000-0000-000000000023,True,2026-04-09 04:03:26.897938+00
238f6f15-f987-4fd4-acf8-d74939a26173,Explain how you would apply Geometry - Coordinate Geometry in Mathematics.,descriptive,medium,00000000-0000-0000-0000-000000000001,00000000-0000-0000-0000-000000000004,00000000-0000-0000-0000-000000000004,True,2026-04-16 09:35:35.979005+00
23afe8cc-06fc-40fc-9010-5d02d08106a2,What does scalability in cloud systems refer to?,mcq,easy,00000000-0000-0000-0000-000000000015,00000000-0000-0000-0000-000000000076,00000000-0000-0000-0000-000000000076,True,2026-04-09 04:06:16.30066+00
23e71b7a-ff8d-4d74-8d05-b3615a8c393a,What kind of question is unsupervised learning useful for answering?,descriptive,easy,00000000-0000-0000-0000-000000000017,00000000-0000-0000-0000-000000000085,00000000-0000-0000-0000-000000000085,True,2026-04-09 04:02:28.828034+00
23ec3fee-01cb-4c25-9580-c17b0d94545a,"What is the DOM in web development, and why is it useful for JavaScript?",descriptive,medium,00000000-0000-0000-0000-000000000014,00000000-0000-0000-0000-000000000073,00000000-0000-0000-0000-000000000073,True,2026-04-09 04:06:06.719663+00
23f8a7f6-b3a9-4dc0-87cb-8a7073aa2809,A candidate makes visually attractive pages but uses poor semantic structure. Why is that still a professional concern?,descriptive,medium,00000000-0000-0000-0000-000000000014,00000000-0000-0000-0000-000000000071,00000000-0000-0000-0000-000000000071,True,2026-04-09 04:02:37.531956+00
24395ef9-128e-4e8f-84fb-37520702bb4f,What is the purpose of data analysis in a business setting?,mcq,easy,00000000-0000-0000-0000-000000000019,00000000-0000-0000-0000-000000000094,00000000-0000-0000-0000-000000000094,True,2026-04-09 04:01:32.723411+00
24b7ffb0-b09b-4924-bcaf-87aa1cd03815,What makes a ML Systems implementation resilient after the first release?,descriptive,hard,,,,True,2026-04-14 16:10:19.135214+00
24c3e0b9-4fcc-4aa0-bb5f-c42ddac2e443,List and explain the four necessary conditions commonly associated with deadlock.,descriptive,hard,00000000-0000-0000-0000-000000000011,00000000-0000-0000-0000-000000000059,00000000-0000-0000-0000-000000000059,True,2026-04-09 04:05:18.132156+00
253fc2bf-229a-4f64-a38f-5a560ca49ef2,What is a container mainly useful for?,mcq,easy,00000000-0000-0000-0000-000000000020,00000000-0000-0000-0000-000000000098,00000000-0000-0000-0000-000000000098,True,2026-04-09 04:01:52.402739+00
256a4c74-3bea-4f9f-942d-7bd99ccc631d,A startup wants to deploy quickly without managing servers in detail. Which service model should the app suggest first and why?,descriptive,medium,00000000-0000-0000-0000-000000000015,00000000-0000-0000-0000-000000000075,00000000-0000-0000-0000-000000000075,True,2026-04-09 04:06:23.607465+00
256cbb71-3cd2-4288-a4b5-0d6784f66123,Describe how you would handle missing data in a dataset using Python. Include the libraries you would use and the methods you would implement.,descriptive,hard,,,,True,2026-04-14 15:51:06.779504+00
25753204-eec1-4ae9-ba69-031870d10099,"A developer says, 'It works on my laptop, so deployment should be easy.' What DevOps lesson should your app surface here?",descriptive,medium,00000000-0000-0000-0000-000000000020,00000000-0000-0000-0000-000000000098,00000000-0000-0000-0000-000000000098,True,2026-04-09 04:01:59.370779+00
26356753-7446-485a-8644-ec44c9ff826b,What is the strongest next move in this Social Science scenario?,descriptive,hard,,,,True,2026-04-16 14:25:30.283263+00
26d05080-e8ab-4edf-a203-1e2e526a4cb0,A learner writes one very long program with no functions and struggles to debug it. What design improvement should the app suggest first?,descriptive,easy,00000000-0000-0000-0000-000000000006,00000000-0000-0000-0000-000000000033,00000000-0000-0000-0000-000000000033,True,2026-04-09 04:02:47.322904+00
2716afeb-4240-4c16-9874-eca50817ad3a,Which chart is commonly suitable for showing trends over time?,mcq,medium,00000000-0000-0000-0000-000000000019,00000000-0000-0000-0000-000000000095,00000000-0000-0000-0000-000000000095,True,2026-04-09 04:01:36.538287+00
27794e7a-5d1e-419e-9de6-a484b7e3d3ff,"Scenario in Mathematics: Given a need related to Geometry - Coordinate Geometry, what is the most appropriate next step?",descriptive,hard,00000000-0000-0000-0000-000000000001,00000000-0000-0000-0000-000000000004,00000000-0000-0000-0000-000000000004,True,2026-04-16 09:35:35.979005+00
2785c1be-ca0c-4557-897a-a0a59240bd5d,What is the sum of the interior angles of a triangle?,mcq,easy,00000000-0000-0000-0000-000000000001,00000000-0000-0000-0000-000000000003,00000000-0000-0000-0000-000000000003,True,2026-04-09 04:00:47.026781+00
27c4f8ad-fa6f-40bb-87c5-981c32382b20,What best describes strong Social Science practice in a production setting?,descriptive,medium,,,,True,2026-04-16 14:25:21.286382+00
28936e38-5608-4f55-a6a4-b1390a2b994e,What is the clearest warning sign that Artificial Intelligence scope is too broad?,descriptive,medium,,,,True,2026-04-14 16:12:56.36295+00
28b94411-e5c8-4910-83e2-3860be6cbfe8,A learner says testing only matters after development is complete. How should the app correct this thinking?,descriptive,medium,00000000-0000-0000-0000-000000000013,00000000-0000-0000-0000-000000000068,00000000-0000-0000-0000-000000000068,True,2026-04-09 04:05:46.65917+00
29ca0444-7284-4cda-93e5-14a5ed7357a0,Which evidence most improves confidence in a Social Science proposal?,descriptive,medium,,,,True,2026-04-16 14:25:25.848191+00
2a4c18f5-9b39-4498-8c5b-8e3bc37b94f5,You are analyzing quiz attempts in an app and want to estimate the chance that a random learner answered a question correctly. How does probability help in such product decisions?,descriptive,medium,00000000-0000-0000-0000-000000000001,00000000-0000-0000-0000-000000000007,00000000-0000-0000-0000-000000000007,True,2026-04-09 04:00:59.607837+00
2b231d21-9062-4d04-bd3a-338e1deada57,Which evidence most improves confidence in a Machine Learning proposal?,descriptive,medium,,,,True,2026-04-14 16:11:59.257008+00
2b9902f5-b522-4ad0-86f2-a84270215f49,A learner writes code immediately and keeps getting stuck. What should your app encourage before coding and why?,descriptive,medium,00000000-0000-0000-0000-000000000006,00000000-0000-0000-0000-000000000035,00000000-0000-0000-0000-000000000035,True,2026-04-09 04:04:03.026603+00
2bfdb9ce-4ef6-432c-838f-f4592a7c5ae2,Encapsulation mainly helps by:,mcq,easy,00000000-0000-0000-0000-000000000007,00000000-0000-0000-0000-000000000037,00000000-0000-0000-0000-000000000037,True,2026-04-09 04:04:07.961654+00
2c03cf48-c2b7-47f0-ba65-f019ead1ed74,Compare a queue and a stack in terms of access order and give one use case for each.,descriptive,hard,00000000-0000-0000-0000-000000000008,00000000-0000-0000-0000-000000000044,00000000-0000-0000-0000-000000000044,True,2026-04-09 04:04:32.877071+00
2c1e7938-f054-46c9-8979-df0073b4a296,"Scenario in Mathematics: Given a need related to Trigonometry - Ratios, what is the most appropriate next step?",descriptive,medium,00000000-0000-0000-0000-000000000001,00000000-0000-0000-0000-000000000008,00000000-0000-0000-0000-000000000008,True,2026-04-16 09:35:35.979005+00
2c95084b-008c-41b0-bf3a-4a7d17b21599,"A learner can query a single table but fails when data is split across users, roles, and skills tables. What concept should be reinforced first?",descriptive,medium,00000000-0000-0000-0000-000000000010,00000000-0000-0000-0000-000000000053,00000000-0000-0000-0000-000000000053,True,2026-04-09 04:05:03.29988+00
2cc607ab-7a6d-4828-969d-11a4048c25cf,What does API stand for?,descriptive,easy,,,,True,2026-04-16 10:32:43.624619+00
2de55221-39a7-476b-a30d-ce74156a8a8b,"Scenario in Mathematics: Given a need related to Algebra - Quadratic Equations, what is the most appropriate next step?",descriptive,hard,00000000-0000-0000-0000-000000000001,00000000-0000-0000-0000-000000000002,00000000-0000-0000-0000-000000000002,True,2026-04-16 09:35:35.979005+00
2de84a01-7108-4313-92d4-953b9245462b,Which of the following is NOT a common format for deploying machine learning models?,descriptive,medium,,,,True,2026-04-14 16:11:23.396769+00
2df6d9cb-b0d3-416a-82dd-0b8873763b45,Give one example where making a locally best choice at each step could be useful.,descriptive,medium,00000000-0000-0000-0000-000000000009,00000000-0000-0000-0000-000000000050,00000000-0000-0000-0000-000000000050,True,2026-04-09 04:04:42.501473+00
2e2bf43a-abfd-4326-ad15-df9be3517420,"If an array uses zero-based indexing, what is the index of the 5th element?",mcq,hard,00000000-0000-0000-0000-000000000008,00000000-0000-0000-0000-000000000041,00000000-0000-0000-0000-000000000041,True,2026-04-09 04:04:30.293318+00
2ed68cb5-a1c1-4d50-8d43-fe7d95ed00e9,Which of the following is best used to store a whole number in most programming languages?,mcq,easy,00000000-0000-0000-0000-000000000006,00000000-0000-0000-0000-000000000031,00000000-0000-0000-0000-000000000031,True,2026-04-09 04:03:47.513991+00
2f90b6cc-3c92-46e5-96b3-a0e4e72ad397,Which cloud service is best suited for deploying machine learning models at scale?,descriptive,hard,,,,True,2026-04-14 16:11:17.266161+00
2f9c9157-5b6a-408b-b770-2cca8f4ea760,A web app suddenly gets ten times more traffic during placement season. Which cloud concept should your platform highlight first?,descriptive,medium,00000000-0000-0000-0000-000000000015,00000000-0000-0000-0000-000000000076,00000000-0000-0000-0000-000000000076,True,2026-04-09 04:06:22.906296+00
311f1282-d942-4287-992c-2cbf1c767512,A learner solves one-step problems well but struggles in multi-step scenarios. Why should the app introduce planning next?,descriptive,medium,00000000-0000-0000-0000-000000000018,00000000-0000-0000-0000-000000000091,00000000-0000-0000-0000-000000000091,True,2026-04-09 04:01:26.256281+00
317e01c6-0710-4c1d-9698-281f37813e45,What is the square root of 144?,descriptive,easy,,,,True,2026-04-16 10:32:43.624619+00
32b0dc91-233d-419e-bf26-5a6a17f7f0aa,Why can high availability matter even for educational platforms and not just large enterprises?,descriptive,hard,00000000-0000-0000-0000-000000000015,00000000-0000-0000-0000-000000000078,00000000-0000-0000-0000-000000000078,True,2026-04-09 04:06:25.312973+00
336c436d-aa8c-469d-a264-369c87706c68,What is the most reliable way to avoid data leakage when preparing train and test datasets?,descriptive,medium,,,,True,2026-04-13 06:49:51.737046+00
33ce29cf-80f1-4955-9132-3eb04ed10255,What best describes strong Cloud Computing practice in a production setting?,descriptive,medium,,,,True,2026-04-14 16:13:40.776499+00
342488e2-9003-4988-a12a-6ba62a18e569,Which of the following best describes overfitting?,mcq,medium,00000000-0000-0000-0000-000000000017,00000000-0000-0000-0000-000000000086,00000000-0000-0000-0000-000000000086,True,2026-04-09 04:02:44.216203+00
3450ae40-5ff0-4b17-adeb-ab7ee9857e8e,Which testing level focuses on checking individual units or components?,mcq,medium,00000000-0000-0000-0000-000000000013,00000000-0000-0000-0000-000000000068,00000000-0000-0000-0000-000000000068,True,2026-04-09 04:05:43.328229+00
34e2fac1-ecea-4be9-bd1d-9513146eb744,Your platform wants to explain why AI-generated suggestions should still be checked by humans. Which reasoning-related limitation should be highlighted?,descriptive,medium,00000000-0000-0000-0000-000000000018,00000000-0000-0000-0000-000000000090,00000000-0000-0000-0000-000000000090,True,2026-04-09 04:01:25.614995+00
353d5008-ff71-4497-88c7-a1f232522a63,Why are charts useful in analytics?,descriptive,easy,00000000-0000-0000-0000-000000000019,00000000-0000-0000-0000-000000000095,00000000-0000-0000-0000-000000000095,True,2026-04-09 04:01:33.58912+00
357fdb42-787d-4a9a-bc8f-573597b7b04a,Differentiate between learning a rule from examples and manually hard-coding a rule in software.,descriptive,hard,00000000-0000-0000-0000-000000000017,00000000-0000-0000-0000-000000000084,00000000-0000-0000-0000-000000000084,True,2026-04-09 04:07:00.050462+00
35bf9934-d8b9-4b83-8f6f-ff62cec2a23e,An object starts from rest and accelerates uniformly at 4 m/s^2 for 3 s. How far does it travel?,mcq,hard,00000000-0000-0000-0000-000000000002,00000000-0000-0000-0000-000000000009,00000000-0000-0000-0000-000000000009,True,2026-04-09 04:02:58.291961+00
361518c0-8ab6-4b66-9d1f-3cbc07f5298e,What best describes strong ML Systems practice in a production setting?,descriptive,medium,,,,True,2026-04-14 16:10:15.337883+00
361eb603-8c60-4955-84c1-e936c011ecdf,Your app wants to explain why multiple browser tabs seem active at once. Which OS concept can help introduce this idea?,descriptive,easy,00000000-0000-0000-0000-000000000011,00000000-0000-0000-0000-000000000056,00000000-0000-0000-0000-000000000056,True,2026-04-09 04:05:12.1592+00
36820e97-4a21-47e0-bab7-a4be75765ff0,Your recommendation system needs to represent category hierarchies such as industry > role > skill > subskill. Why is a tree-like structure useful here?,descriptive,hard,00000000-0000-0000-0000-000000000008,00000000-0000-0000-0000-000000000045,00000000-0000-0000-0000-000000000045,True,2026-04-09 04:04:33.543774+00
36904959-a907-45fa-9f7f-5c0c912ff0f6,Which HTTP method is typically used to update a resource?,descriptive,easy,,,,True,2026-04-16 10:32:43.625619+00
37034a5c-f5e8-4617-a9aa-6886e4214e71,"Describe a project where you deployed a machine learning model into a production environment. Include details about the tools and technologies you used, the challenges you faced during deployment, and how you ensured the model's performance and reliability post-deployment.",descriptive,hard,,,,True,2026-04-14 16:11:29.806523+00
37ec7484-93d3-44ff-998f-50031089b88d,A candidate says 'UDP is always better because it is faster.' How should your app challenge this oversimplification?,descriptive,hard,00000000-0000-0000-0000-000000000012,00000000-0000-0000-0000-000000000062,00000000-0000-0000-0000-000000000062,True,2026-04-09 04:05:35.763648+00
381d859d-b326-480a-925b-37dc34453307,"You are evaluating two different models for a binary classification task. Model A has a high accuracy, while Model B has a lower accuracy but a better F1 score. How would you decide which model to deploy?",descriptive,medium,,,,True,2026-04-14 16:12:05.959264+00
385e3ce7-d4ea-4666-bbec-b2b162e4c472,A learner asks why teams do not just deploy code manually every time. Which DevOps concept should the app introduce first?,descriptive,easy,00000000-0000-0000-0000-000000000020,00000000-0000-0000-0000-000000000096,00000000-0000-0000-0000-000000000096,True,2026-04-09 04:01:54.654066+00
3887c28d-e52f-4ef5-bea5-fa4eb71e9e04,What is the synonym of 'Abundant'?,descriptive,easy,,,,True,2026-04-16 10:32:43.624619+00
38e324c7-c566-49b4-812b-002b3b29e990,What is the significance of using a load balancer in the deployment of machine learning models?,descriptive,medium,,,,True,2026-04-14 16:11:19.507615+00
3939f86c-3c35-448f-a118-423ca9e97b14,Explain how you would apply Trigonometry - Ratios in Mathematics.,descriptive,easy,00000000-0000-0000-0000-000000000001,00000000-0000-0000-0000-000000000008,00000000-0000-0000-0000-000000000008,True,2026-04-16 09:35:35.979005+00
39af6d83-2d99-41fb-9e99-4161685fc792,What is the difference between a proton and a neutron?,descriptive,easy,00000000-0000-0000-0000-000000000003,00000000-0000-0000-0000-000000000016,00000000-0000-0000-0000-000000000016,True,2026-04-09 04:03:07.338263+00
3a16d3f7-46f9-40a3-a04f-b8ccfec7b109,Your app wants to test whether a learner truly understands interactivity. What kind of task is better than asking for a definition of JavaScript?,descriptive,hard,00000000-0000-0000-0000-000000000014,00000000-0000-0000-0000-000000000073,00000000-0000-0000-0000-000000000073,True,2026-04-09 04:06:13.739639+00
3a9754c7-cdf8-40fc-abc3-e701fa031b2c,How should Python Fundamentals for ML decisions usually be validated before rollout?,descriptive,hard,,,,True,2026-04-14 09:17:39.191521+00
3aa593e4-b852-4b15-9b7b-39b01fa7499d,Explain why DevOps is not just a toolset but also a way of working.,descriptive,hard,00000000-0000-0000-0000-000000000020,00000000-0000-0000-0000-000000000100,00000000-0000-0000-0000-000000000100,True,2026-04-09 04:02:01.505196+00
3abf86ad-a4e2-471c-95c5-f2fd6182695a,What considerations should you keep in mind when splitting your dataset for training and testing?,descriptive,hard,,,,True,2026-04-14 16:10:29.900957+00
3ace33a8-b83c-4619-ac42-e6f15ec69239,What is the difference between raw data and an insight?,descriptive,medium,00000000-0000-0000-0000-000000000019,00000000-0000-0000-0000-000000000094,00000000-0000-0000-0000-000000000094,True,2026-04-09 04:01:38.327654+00
3ad68b17-8f62-4ee0-b2f2-7b2af82079b1,Which of the following is a non-functional requirement?,mcq,medium,00000000-0000-0000-0000-000000000013,00000000-0000-0000-0000-000000000067,00000000-0000-0000-0000-000000000067,True,2026-04-09 04:05:42.441301+00
3b6f4319-7481-4a3c-9676-2189ddfcdad6,What is the best approach to handle model versioning in a production AI system?,descriptive,medium,,,,True,2026-04-14 16:13:03.116364+00
3bd17999-ad27-49c8-9f54-1d3229475f39,"Explain how linked lists differ from arrays in terms of memory allocation and data access. Provide examples of scenarios where linked lists would be preferred over arrays, and discuss the implications of using linked lists in terms of performance and complexity.",descriptive,hard,,00000000-0000-0000-0000-000000000042,,True,2026-04-14 16:09:32.412999+00
3bdc533d-1f6c-46f2-b449-f2d5235fbb14,Methane belongs to which class of hydrocarbons?,mcq,easy,00000000-0000-0000-0000-000000000003,00000000-0000-0000-0000-000000000018,00000000-0000-0000-0000-000000000018,True,2026-04-09 04:03:04.702357+00
3bfa4b3a-ab17-479e-b828-7e5b19b843cd,How can you ensure high availability for a cloud-based service?,descriptive,hard,,,,True,2026-04-14 16:13:52.864549+00
3cbdfb30-22aa-424b-84e1-4ceff6ddc122,What does the median represent in a dataset?,descriptive,easy,00000000-0000-0000-0000-000000000019,00000000-0000-0000-0000-000000000093,00000000-0000-0000-0000-000000000093,True,2026-04-09 04:02:19.873098+00
3d12ca69-40ff-4771-a6a3-aeadf93b44d4,Describe how you would identify a pattern in a number series before selecting an answer.,descriptive,hard,00000000-0000-0000-0000-000000000005,00000000-0000-0000-0000-000000000029,00000000-0000-0000-0000-000000000029,True,2026-04-09 04:03:44.613885+00
3dc74bb2-55ce-4a5f-abb5-e8c15de92242,Why is state representation important in AI search?,mcq,hard,00000000-0000-0000-0000-000000000018,00000000-0000-0000-0000-000000000089,00000000-0000-0000-0000-000000000089,True,2026-04-09 04:01:26.975336+00
3dd9c248-ff2e-49fa-a285-0cca603d0191,What is authentication mainly used for?,descriptive,easy,00000000-0000-0000-0000-000000000016,00000000-0000-0000-0000-000000000080,00000000-0000-0000-0000-000000000080,True,2026-04-09 04:06:35.789745+00
3dff461e-aea7-4864-8d6d-bd5fc9f832da,What is pseudocode and why is it useful before writing actual code?,descriptive,easy,00000000-0000-0000-0000-000000000006,00000000-0000-0000-0000-000000000035,00000000-0000-0000-0000-000000000035,True,2026-04-09 04:03:52.244978+00
3e5e9625-2bc8-48ff-bf99-7420315951da,"What is the next number in the series: 2, 4, 6, 8, ?",mcq,easy,00000000-0000-0000-0000-000000000005,00000000-0000-0000-0000-000000000029,00000000-0000-0000-0000-000000000029,True,2026-04-09 04:03:36.449224+00
3e9f2800-611d-4c63-a684-cd4ccba47e1b,What is a page fault?,mcq,medium,00000000-0000-0000-0000-000000000011,00000000-0000-0000-0000-000000000058,00000000-0000-0000-0000-000000000058,True,2026-04-09 04:05:13.731134+00
3ebdcc9f-60b0-4583-b147-715153e02396,"In the sentence 'Running quickly, the athlete crossed the line,' what is the grammatical role of 'quickly'?",mcq,hard,00000000-0000-0000-0000-000000000004,00000000-0000-0000-0000-000000000021,00000000-0000-0000-0000-000000000021,True,2026-04-09 04:03:29.929661+00
3f1a475f-595f-4cb3-94fd-9cb57a776121,How many moles are present in 36 g of water?,mcq,medium,00000000-0000-0000-0000-000000000003,00000000-0000-0000-0000-000000000020,00000000-0000-0000-0000-000000000020,True,2026-04-09 04:03:09.133116+00
3f476ca4-c123-473b-8a15-373700d69dcf,What is the derivative of 3x^2 + 2x + 1?,mcq,medium,00000000-0000-0000-0000-000000000001,00000000-0000-0000-0000-000000000006,00000000-0000-0000-0000-000000000006,True,2026-04-09 04:00:51.576365+00
3f9ba2b8-687a-4af7-b820-03a1a51c5521,"When two child classes implement the same method differently and are used through a common base type, which OOP concept is being demonstrated?",mcq,hard,00000000-0000-0000-0000-000000000007,00000000-0000-0000-0000-000000000039,00000000-0000-0000-0000-000000000039,True,2026-04-09 04:02:47.9592+00
3f9c6424-7947-4fce-a9dc-d0f9328a66c4,Your app detects that many users understand single variables but struggle when values are grouped. How would you introduce arrays in a practical way?,descriptive,hard,00000000-0000-0000-0000-000000000006,00000000-0000-0000-0000-000000000034,00000000-0000-0000-0000-000000000034,True,2026-04-09 04:04:05.70553+00
3fd13226-6cdd-41e6-927d-96c39fa627e8,What makes a tree different from a linear data structure like an array or linked list?,descriptive,easy,00000000-0000-0000-0000-000000000008,00000000-0000-0000-0000-000000000045,00000000-0000-0000-0000-000000000045,True,2026-04-09 04:04:21.067781+00
402e76d4-fa77-4aff-89fc-f5f5bf50363e,A product price increases from 500 to 600. Explain how to compute the percentage increase.,descriptive,medium,00000000-0000-0000-0000-000000000005,00000000-0000-0000-0000-000000000026,00000000-0000-0000-0000-000000000026,True,2026-04-09 04:03:42.3527+00
403c6942-50ae-40d0-97eb-f8d60d079491,What considerations should you keep in mind when splitting your dataset?,descriptive,medium,,,,True,2026-04-14 10:56:15.643514+00
40617a36-6122-4e92-94f6-190a01c2b6d9,What is the clearest warning sign that Machine Learning scope is too broad?,descriptive,medium,,,,True,2026-04-14 16:11:59.967288+00
40c89e63-f2e5-400f-bed1-fedc27d274c5,Which signal most strongly indicates that Python Fundamentals for ML work is incomplete?,descriptive,easy,,,,True,2026-04-14 09:17:36.969664+00
410718f0-b664-4ce2-9b34-c2e956c7a42c,You are given a dataset with missing values. How would you approach this problem?,descriptive,medium,,,,True,2026-04-14 15:51:02.21837+00
410771de-3962-4cd2-92e8-7021826da8d8,What force keeps the planets in orbit around the sun?,descriptive,easy,,,,True,2026-04-16 10:32:43.624619+00
41abbc47-712c-498b-9b3e-c1e1e4273435,How should you handle unexpected biases in an AI model after deployment?,descriptive,hard,,,,True,2026-04-14 16:13:00.878718+00
41ae89a5-5089-4fb2-89eb-eb918da4e14c,Which output proves that Data Structures - Linked Lists decisions are measurable?,descriptive,easy,,00000000-0000-0000-0000-000000000042,,True,2026-04-14 16:09:27.021788+00
4230ab87-7c82-4c62-8c7f-f5d5204ecbb4,"Compare IaaS, PaaS, and SaaS in terms of control and responsibility.",descriptive,hard,00000000-0000-0000-0000-000000000015,00000000-0000-0000-0000-000000000075,00000000-0000-0000-0000-000000000075,True,2026-04-09 04:06:27.45712+00
42c8dce7-87c7-4ed0-a018-b056af5e481d,Which sentence uses the correct form of 'their'?,descriptive,medium,,,,True,2026-04-16 10:32:43.624619+00
4318dda2-dce8-45ff-88b3-3a28ea049aa8,What strategies can you use to improve the explainability of your AI model?,descriptive,medium,,,,True,2026-04-14 16:13:03.988814+00
4369b71c-296e-41cd-b94d-d9148edde339,You are designing RAG metadata for network incidents. Why is tagging issues by layer useful?,descriptive,hard,00000000-0000-0000-0000-000000000012,00000000-0000-0000-0000-000000000061,00000000-0000-0000-0000-000000000061,True,2026-04-09 04:05:37.269166+00
43ec146d-95e9-4224-ad56-f2379f0e68a3,Which protocol is connection-oriented?,mcq,easy,00000000-0000-0000-0000-000000000012,00000000-0000-0000-0000-000000000062,00000000-0000-0000-0000-000000000062,True,2026-04-09 04:05:21.582348+00
43f63b60-70ba-4d93-8313-af5a130f408e,Which of the following is part of the CIA triad?,mcq,easy,00000000-0000-0000-0000-000000000016,00000000-0000-0000-0000-000000000079,00000000-0000-0000-0000-000000000079,True,2026-04-09 04:06:28.13722+00
441ee532-9602-4b8d-b500-f29e5b1565cd,Why does binary search usually perform fewer checks than linear search on large sorted lists?,descriptive,easy,00000000-0000-0000-0000-000000000009,00000000-0000-0000-0000-000000000047,00000000-0000-0000-0000-000000000047,True,2026-04-09 04:02:23.535832+00
44391147-13cc-4e3e-9f33-393571d09ce5,Which deployment strategy involves gradually rolling out a new model version to a small subset of users before a full rollout?,descriptive,hard,,,,True,2026-04-14 16:11:21.84039+00
448b2818-0179-4308-aa50-2325e8c6f184,A product team complains that some background jobs starve while high-priority work keeps running. Which scheduling concern should be discussed?,descriptive,hard,00000000-0000-0000-0000-000000000011,00000000-0000-0000-0000-000000000057,00000000-0000-0000-0000-000000000057,True,2026-04-09 04:05:19.435374+00
4530f6fe-f67a-40d4-b15d-75358d1ec13b,What is the best first step when using Artificial Intelligence on a new problem?,descriptive,easy,,,,True,2026-04-14 16:12:52.451613+00
4632265d-c64c-41d7-86b6-293c86e98563,What steps would you take to ensure your model is ready for deployment?,descriptive,hard,,,,True,2026-04-14 16:10:26.168812+00
46fc723a-3034-43fa-ba51-31b01399d6be,Your app wants to explain why binary search is faster than linear search on large sorted data. What comparison should it visualize?,descriptive,hard,00000000-0000-0000-0000-000000000009,00000000-0000-0000-0000-000000000047,00000000-0000-0000-0000-000000000047,True,2026-04-09 04:04:46.886929+00
4759032d-cd7e-4617-9ad7-8186b3c82f7c,Discuss the significance of model evaluation workflows in the context of ML Systems. How do they contribute to the overall success of machine learning projects in production environments?,descriptive,hard,,,,True,2026-04-14 16:10:33.795412+00
479747ae-1f33-4a16-abd4-edd611077a26,Which statement is commonly used to make a decision in code?,mcq,easy,00000000-0000-0000-0000-000000000006,00000000-0000-0000-0000-000000000032,00000000-0000-0000-0000-000000000032,True,2026-04-09 04:03:48.397746+00
48ebb49b-8058-434a-aa2d-9e5c9f6743c9,When should a Artificial Intelligence plan be reconsidered instead of pushed through?,descriptive,hard,,,,True,2026-04-14 16:12:57.141699+00
49607f81-09a7-4e45-b14f-23d52662d4c3,"If a triangle has a base of 5 and height of 4, what is its area?",descriptive,easy,,,,True,2026-04-16 10:32:43.624619+00
4a1ebad5-825c-444f-abc7-2bd89358cf96,"Discuss the importance of high availability in cloud computing, particularly for educational platforms. How does it impact user trust and service continuity? Provide examples of how cloud solutions can ensure high availability.",descriptive,hard,,,,True,2026-04-14 16:13:55.354857+00
4a712880-a246-467a-9a7b-31293d054a58,What is the best first step when using Social Science on a new problem?,descriptive,easy,,,,True,2026-04-16 14:25:22.686111+00
4b1e1568-05ad-4a06-aa23-760b2fbdab70,"Find the missing number: 3, 6, 12, 24, ?",mcq,medium,00000000-0000-0000-0000-000000000005,00000000-0000-0000-0000-000000000029,00000000-0000-0000-0000-000000000029,True,2026-04-09 04:03:40.831972+00
4b3051c7-df43-4e2c-85aa-89999ea82a69,What best describes strong Artificial Intelligence practice in a production setting?,descriptive,medium,,,,True,2026-04-14 16:12:50.803799+00
4b749c4d-6e51-4c72-a2e4-e0418340a6a1,Your analytics dashboard needs to show only users who scored above 80. Which SQL concept should your app teach and why?,descriptive,medium,00000000-0000-0000-0000-000000000010,00000000-0000-0000-0000-000000000052,00000000-0000-0000-0000-000000000052,True,2026-04-09 04:05:02.631333+00
4b805b08-a5db-4cb2-8754-cf579784a3f5,"Scenario in Mathematics: Given a need related to Probability - Basic Events, what is the most appropriate next step?",descriptive,medium,00000000-0000-0000-0000-000000000001,00000000-0000-0000-0000-000000000007,00000000-0000-0000-0000-000000000007,True,2026-04-16 09:35:35.979005+00
4c04038f-bb98-42bb-925e-ee156b485a84,Why can poor-quality features limit model performance even if the algorithm is strong?,descriptive,medium,00000000-0000-0000-0000-000000000017,00000000-0000-0000-0000-000000000087,00000000-0000-0000-0000-000000000087,True,2026-04-09 04:06:55.460355+00
4c515526-952a-456c-a7bb-984439487b38,Your app includes a simulation showing why metal spoons become hot in soup. Which heat transfer concept should be highlighted and why?,descriptive,medium,00000000-0000-0000-0000-000000000002,00000000-0000-0000-0000-000000000015,00000000-0000-0000-0000-000000000015,True,2026-04-09 04:01:10.620793+00
4daab4aa-3989-44aa-b80f-e3cd9583ac89,What is an electric charge in simple terms?,descriptive,easy,00000000-0000-0000-0000-000000000002,00000000-0000-0000-0000-000000000012,00000000-0000-0000-0000-000000000012,True,2026-04-09 04:03:02.179775+00
4e4fa288-84e6-45c7-9e9d-4a5bdec15029,"Your app stores candidate responses, scores, and recommendations. Why is requirement clarity important before development begins?",descriptive,medium,00000000-0000-0000-0000-000000000013,00000000-0000-0000-0000-000000000067,00000000-0000-0000-0000-000000000067,True,2026-04-09 04:05:45.899243+00
4f481a8b-1a97-44b9-80f4-16afc88a0024,Which practice helps teams track and manage code changes over time?,mcq,medium,00000000-0000-0000-0000-000000000013,00000000-0000-0000-0000-000000000070,00000000-0000-0000-0000-000000000070,True,2026-04-09 04:02:15.30315+00
501b5650-7eda-4aff-b19e-17da53807d1b,A learner uses your app to troubleshoot a simple circuit where a bulb does not glow. Which physics concepts should the app guide them through first?,descriptive,hard,00000000-0000-0000-0000-000000000002,00000000-0000-0000-0000-000000000013,00000000-0000-0000-0000-000000000013,True,2026-04-09 04:03:00.834814+00
51103956-4927-4e99-9dfd-73f88ceebdba,What is the main purpose of a primary key in a table?,mcq,easy,00000000-0000-0000-0000-000000000010,00000000-0000-0000-0000-000000000051,00000000-0000-0000-0000-000000000051,True,2026-04-09 04:04:48.342868+00
5165a9c3-03d1-4f4e-b786-22868912ca2e,Which action best protects long-term quality in Data Structures - Linked Lists work?,descriptive,medium,,00000000-0000-0000-0000-000000000042,,True,2026-04-14 16:09:25.583792+00
51da859b-dfff-4c36-82e8-f414bb466bde,"Scenario in Mathematics: Given a need related to Algebra - Linear Equations, what is the most appropriate next step?",descriptive,easy,00000000-0000-0000-0000-000000000001,00000000-0000-0000-0000-000000000001,00000000-0000-0000-0000-000000000001,True,2026-04-16 09:35:35.979005+00
52032953-d37a-4f91-8041-a61bbd634ce7,What is the kinetic energy of a 2 kg object moving at 3 m/s?,mcq,medium,00000000-0000-0000-0000-000000000002,00000000-0000-0000-0000-000000000011,00000000-0000-0000-0000-000000000011,True,2026-04-09 04:02:56.498167+00
528b04c1-b05f-4290-b341-5f1813a75068,Which OS concept is most directly responsible for organizing files into folders and paths?,mcq,medium,00000000-0000-0000-0000-000000000011,00000000-0000-0000-0000-000000000060,00000000-0000-0000-0000-000000000060,True,2026-04-09 04:02:35.333794+00
52db965b-b14a-4068-97a8-beb10642ce19,"If y = x^3 - 4x^2 + 2x, what is dy/dx?",mcq,hard,00000000-0000-0000-0000-000000000001,00000000-0000-0000-0000-000000000006,00000000-0000-0000-0000-000000000006,True,2026-04-09 04:00:55.665716+00
52ef96df-b07e-4d13-9d78-1275dbde0913,A learner reaches the correct final answer but cannot justify the sequence of decisions. Why is planning-oriented evaluation still valuable?,descriptive,easy,00000000-0000-0000-0000-000000000018,00000000-0000-0000-0000-000000000091,00000000-0000-0000-0000-000000000091,True,2026-04-09 04:02:29.477041+00
53005751-3409-4241-aeeb-2c3bc24d5b0b,What is a key benefit of scripting repetitive operational tasks?,mcq,medium,00000000-0000-0000-0000-000000000020,00000000-0000-0000-0000-000000000097,00000000-0000-0000-0000-000000000097,True,2026-04-09 04:01:55.397312+00
5395cc1b-ade9-4b13-b302-b51bd393b0ce,Your app stores user uploads and assessment reports. Why should learners understand file systems even if they mainly code at the application layer?,descriptive,hard,00000000-0000-0000-0000-000000000011,00000000-0000-0000-0000-000000000060,00000000-0000-0000-0000-000000000060,True,2026-04-09 04:05:18.789905+00
5396ea67-a58a-405b-a96b-a99f9d4dd9a9,Which evidence most improves confidence in a Artificial Intelligence proposal?,descriptive,medium,,,,True,2026-04-14 16:12:55.496951+00
53ecb54c-b4d8-4315-8056-b5738c37369d,Explain why routing decisions matter when data travels across multiple networks.,descriptive,hard,00000000-0000-0000-0000-000000000012,00000000-0000-0000-0000-000000000064,00000000-0000-0000-0000-000000000064,True,2026-04-09 04:05:34.268026+00
53ee00a1-3a93-4e5f-b7c0-019e58668cc4,"If a model learns from past examples of resumes labeled 'selected' or 'not selected,' what kind of learning is this?",mcq,medium,00000000-0000-0000-0000-000000000017,00000000-0000-0000-0000-000000000084,00000000-0000-0000-0000-000000000084,True,2026-04-09 04:06:53.750263+00
540713e0-15bb-4429-b92b-d168ad6b1b42,What is the best first step when using Data Structures - Linked Lists on a new problem?,descriptive,easy,,00000000-0000-0000-0000-000000000042,,True,2026-04-14 16:09:20.155866+00
541a011d-d797-478d-9122-10f6315575ac,Explain how you would apply Probability - Basic Events in Mathematics.,descriptive,easy,00000000-0000-0000-0000-000000000001,00000000-0000-0000-0000-000000000007,00000000-0000-0000-0000-000000000007,True,2026-04-16 09:35:35.979005+00
54295882-b4ac-40a3-ad2a-21049ddd04e0,Why are functions useful in a machine-learning codebase?,descriptive,easy,,,,True,2026-04-13 06:49:52.963333+00
543d4a42-52e1-4f06-a7cc-5d06be91df30,A 10 kg cart experiences a net force of 30 N. Explain how to determine its acceleration and what the value represents physically.,descriptive,hard,00000000-0000-0000-0000-000000000002,00000000-0000-0000-0000-000000000010,00000000-0000-0000-0000-000000000010,True,2026-04-09 04:02:59.273476+00
546fc354-f0f2-42ba-b69c-f5675118bc2e,A functional requirement mainly describes:,mcq,easy,00000000-0000-0000-0000-000000000013,00000000-0000-0000-0000-000000000067,00000000-0000-0000-0000-000000000067,True,2026-04-09 04:05:38.760942+00
54c323c6-5e53-48a2-b07c-7b44d5aa243c,A recommendation model starts giving strange outputs after importing a new CSV from another team. What data analytics habit should your app encourage before blaming the model?,descriptive,hard,00000000-0000-0000-0000-000000000019,00000000-0000-0000-0000-000000000092,00000000-0000-0000-0000-000000000092,True,2026-04-09 04:01:48.747804+00
553427f1-5e50-4926-bb59-ef48928edce2,You need to visualize the results of your machine learning model. What libraries would you use?,descriptive,medium,,,,True,2026-04-14 15:51:05.178108+00
55b47a51-c21a-4797-9b5a-0d59c32cad4a,When should a Social Science plan be reconsidered instead of pushed through?,descriptive,hard,,,,True,2026-04-16 14:25:27.379054+00
5635ce4e-31b2-4f41-8cc2-9019edcc0782,A compiler feature needs to check whether brackets in code are balanced. Which data structure should the learning module recommend and why?,descriptive,hard,00000000-0000-0000-0000-000000000008,00000000-0000-0000-0000-000000000043,00000000-0000-0000-0000-000000000043,True,2026-04-09 04:04:32.082812+00
5641cb66-b9c0-43dd-af46-253bf3540af9,How would you approach feature selection for a complex model?,descriptive,hard,,,,True,2026-04-14 16:10:28.630982+00
565a6f37-54be-47f6-b132-bee8afa6b446,What is the purpose of CPU scheduling?,mcq,easy,00000000-0000-0000-0000-000000000011,00000000-0000-0000-0000-000000000057,00000000-0000-0000-0000-000000000057,True,2026-04-09 04:05:08.856843+00
56f01dc1-5167-475f-b932-072d3c1d98b6,"A bag contains 3 red balls and 2 blue balls. If one ball is picked at random, explain how to compute the probability of selecting a blue ball.",descriptive,medium,00000000-0000-0000-0000-000000000001,00000000-0000-0000-0000-000000000007,00000000-0000-0000-0000-000000000007,True,2026-04-09 04:00:54.350876+00
57c22fc8-dbb6-4627-a128-b78b161fa7fb,Your app teaches web requests from browser to server. Why is a layered network model useful for beginners?,descriptive,easy,00000000-0000-0000-0000-000000000012,00000000-0000-0000-0000-000000000061,00000000-0000-0000-0000-000000000061,True,2026-04-09 04:05:24.647733+00
5813c5ff-969a-4e9d-981d-ab33ce94faa5,How would you design a cloud architecture for a new online learning platform?,descriptive,hard,,,,True,2026-04-14 16:13:49.730008+00
58e09563-412d-4766-8d66-367a6edd0760,A resistor of 5 ohms carries 2 A current. What is the voltage across it?,mcq,medium,00000000-0000-0000-0000-000000000002,00000000-0000-0000-0000-000000000013,00000000-0000-0000-0000-000000000013,True,2026-04-09 04:01:08.197175+00
59d3d00e-7cd0-409b-863b-4daab3e02c8d,What is the main idea of inheritance in one line?,descriptive,easy,00000000-0000-0000-0000-000000000007,00000000-0000-0000-0000-000000000038,00000000-0000-0000-0000-000000000038,True,2026-04-09 04:02:32.558145+00
5a60a064-c4f8-4ab2-a28c-c3abc5583154,Which scheduling algorithm gives each process a fixed time slice in rotation?,mcq,medium,00000000-0000-0000-0000-000000000011,00000000-0000-0000-0000-000000000057,00000000-0000-0000-0000-000000000057,True,2026-04-09 04:05:12.798927+00
5a7a1a6e-c741-420e-94db-094016861cfd,A user creates a very short password because it is easier to remember. What first recommendation should the app make?,descriptive,easy,00000000-0000-0000-0000-000000000016,00000000-0000-0000-0000-000000000082,00000000-0000-0000-0000-000000000082,True,2026-04-09 04:02:17.943827+00
5a918ccc-11a1-457b-9821-c25a44953122,What does model accuracy generally represent?,mcq,medium,00000000-0000-0000-0000-000000000017,00000000-0000-0000-0000-000000000086,00000000-0000-0000-0000-000000000086,True,2026-04-09 04:06:54.589658+00
5b108b61-e101-4715-b428-105ca576a558,"A released feature works, but user feedback reveals confusion and poor adoption. Why is maintenance not just about bug fixing?",descriptive,hard,00000000-0000-0000-0000-000000000013,00000000-0000-0000-0000-000000000070,00000000-0000-0000-0000-000000000070,True,2026-04-09 04:05:48.903241+00
5c841e48-d151-4815-91d7-e4270b118e6d,"Differentiate between a variable’s name, value, and data type with a simple example.",descriptive,hard,00000000-0000-0000-0000-000000000006,00000000-0000-0000-0000-000000000031,00000000-0000-0000-0000-000000000031,True,2026-04-09 04:04:04.964081+00
5d019799-d137-403f-a992-24977f16256c,"When light strikes a mirror, the angle of incidence is:",mcq,easy,00000000-0000-0000-0000-000000000002,00000000-0000-0000-0000-000000000014,00000000-0000-0000-0000-000000000014,True,2026-04-09 04:01:04.959457+00
5d2890d0-18a4-4c69-b88d-d97657b77c8f,Compare linear search and binary search in terms of prerequisites and typical use cases.,descriptive,hard,00000000-0000-0000-0000-000000000009,00000000-0000-0000-0000-000000000046,00000000-0000-0000-0000-000000000046,True,2026-04-09 04:04:47.618934+00
5d821637-91ac-4cd4-b319-1a0c7f6fa392,Differentiate between reflection and refraction with one real-life example of each.,descriptive,hard,00000000-0000-0000-0000-000000000002,00000000-0000-0000-0000-000000000014,00000000-0000-0000-0000-000000000014,True,2026-04-09 04:03:00.059584+00
5da2b81d-744f-4701-ba9e-62dc9cf0bd49,What is the role of the ORDER BY clause in SQL?,descriptive,easy,00000000-0000-0000-0000-000000000010,00000000-0000-0000-0000-000000000052,00000000-0000-0000-0000-000000000052,True,2026-04-09 04:02:24.316359+00
5dfc33aa-9233-4b46-9929-a05326d3b849,"If Riya is the mother of Karan and Karan is the brother of Meera, what is Meera to Riya? Explain briefly.",descriptive,medium,00000000-0000-0000-0000-000000000005,00000000-0000-0000-0000-000000000030,00000000-0000-0000-0000-000000000030,True,2026-04-09 04:03:41.706607+00
5ef7cc75-5fbd-4837-bfac-dada9c07d954,Why is it important in business reasoning to distinguish between profit amount and profit percentage?,descriptive,hard,00000000-0000-0000-0000-000000000005,00000000-0000-0000-0000-000000000027,00000000-0000-0000-0000-000000000027,True,2026-04-09 04:03:46.863676+00
604ea365-f172-4596-aaee-ebcc4910838a,A system processes support tickets in the order they arrive. Which data structure should your app explain here and why?,descriptive,medium,00000000-0000-0000-0000-000000000008,00000000-0000-0000-0000-000000000044,00000000-0000-0000-0000-000000000044,True,2026-04-09 04:04:24.347889+00
6122f96c-5c6d-49eb-b638-ea312dd385e7,A learner exposes every variable publicly in class design. What object-oriented principle should your app reinforce first?,descriptive,easy,00000000-0000-0000-0000-000000000007,00000000-0000-0000-0000-000000000037,00000000-0000-0000-0000-000000000037,True,2026-04-09 04:02:21.999744+00
61318bb6-ccf0-48b4-a183-43040fb5f439,"Your assessment platform updates question banks, scoring logic, and metadata frequently. Why is CI/CD especially helpful for this kind of evolving system?",descriptive,hard,00000000-0000-0000-0000-000000000020,00000000-0000-0000-0000-000000000096,00000000-0000-0000-0000-000000000096,True,2026-04-09 04:02:02.145263+00
61de8fa1-6687-48a9-bf61-d7091329cf04,A student wants to start coding immediately without planning. What SDLC lesson should your app introduce first?,descriptive,easy,00000000-0000-0000-0000-000000000013,00000000-0000-0000-0000-000000000066,00000000-0000-0000-0000-000000000066,True,2026-04-09 04:05:41.76631+00
631e58f4-3eca-414d-9e29-a20060378fcd,You are designing an educational animation showing a roller coaster descending a track. How can the idea of energy conservation make the explanation more intuitive for users?,descriptive,hard,00000000-0000-0000-0000-000000000002,00000000-0000-0000-0000-000000000011,00000000-0000-0000-0000-000000000011,True,2026-04-09 04:03:01.523804+00
6359ce8c-c89c-4b90-b061-3bbe65176ad6,You are building a feature that scores user-written answers for professionalism. What signals should be checked before labeling a response as workplace-ready?,descriptive,hard,00000000-0000-0000-0000-000000000004,00000000-0000-0000-0000-000000000025,00000000-0000-0000-0000-000000000025,True,2026-04-09 04:03:31.440563+00
6397c411-583c-49a8-a6e5-4fbb0d0d2606,"In a learning app, a student confuses ionic and covalent bonding. What visual teaching aid would best help and why?",descriptive,medium,00000000-0000-0000-0000-000000000003,00000000-0000-0000-0000-000000000017,00000000-0000-0000-0000-000000000017,True,2026-04-09 04:03:11.444212+00
63c7a394-f9b2-49f3-b9be-f02b94cca54b,"Discuss the challenges and considerations when deploying an AI model in a production environment. Include aspects such as data quality, model performance, and the importance of continuous monitoring and updates.",descriptive,hard,,,,True,2026-04-14 16:13:06.502452+00
6461405e-e36c-4589-8f30-6e9cda8d122d,"Which Python data type is best suited for storing an ordered, mutable collection of feature values?",descriptive,easy,,,,True,2026-04-13 06:49:50.552312+00
64b49c65-8b19-4f89-b0fd-e0ae92ac0414,What is the role of labels in supervised learning?,descriptive,easy,00000000-0000-0000-0000-000000000017,00000000-0000-0000-0000-000000000084,00000000-0000-0000-0000-000000000084,True,2026-04-09 04:06:52.445952+00
651fc119-256b-45c5-96f2-895c19d4a4f5,You are tasked with optimizing a slow-running Python script. What would you do?,descriptive,medium,,,,True,2026-04-14 15:51:04.458174+00
65206280-aa78-403b-b2a0-aa516b71cf57,Differentiate between an agent that merely reacts and one that behaves intelligently toward goals.,descriptive,hard,00000000-0000-0000-0000-000000000018,00000000-0000-0000-0000-000000000088,00000000-0000-0000-0000-000000000088,True,2026-04-09 04:01:28.717989+00
656bd6cb-3e4b-41c0-b633-db3bcdc5ff8b,"Scenario in Mathematics: Given a need related to Calculus - Derivatives, what is the most appropriate next step?",descriptive,easy,00000000-0000-0000-0000-000000000001,00000000-0000-0000-0000-000000000006,00000000-0000-0000-0000-000000000006,True,2026-04-16 09:35:35.979005+00
65a6e0cf-078c-4b8e-9418-27a79e4dca51,"You want your RAG service, backend API, and worker jobs to run consistently across environments. Why are containers useful here?",descriptive,hard,00000000-0000-0000-0000-000000000020,00000000-0000-0000-0000-000000000098,00000000-0000-0000-0000-000000000098,True,2026-04-09 04:02:03.455985+00
65d25d7c-9ad3-4eb7-9a63-33e64752f58b,Which of the following tools is commonly used for container orchestration in deploying machine learning models?,descriptive,medium,,,,True,2026-04-14 16:11:15.631468+00
661efa69-205f-4265-a492-7973bf969724,What is the difference between logs and metrics in simple operational terms?,descriptive,medium,00000000-0000-0000-0000-000000000020,00000000-0000-0000-0000-000000000099,00000000-0000-0000-0000-000000000099,True,2026-04-09 04:01:57.412912+00
66c526c9-7cb6-408b-9005-fafb57adbdce,Which word is a noun in the sentence: 'The manager approved the plan'?,mcq,easy,00000000-0000-0000-0000-000000000004,00000000-0000-0000-0000-000000000021,00000000-0000-0000-0000-000000000021,True,2026-04-09 04:03:16.565474+00
673a923c-a686-4dfb-8c9e-e2fde967fa40,What does SDLC stand for?,mcq,easy,00000000-0000-0000-0000-000000000013,00000000-0000-0000-0000-000000000066,00000000-0000-0000-0000-000000000066,True,2026-04-09 04:05:37.907984+00
68016aeb-f381-4a25-99f4-ff2081bc1c63,Which SDLC phase is most directly concerned with understanding what users need?,mcq,hard,00000000-0000-0000-0000-000000000013,00000000-0000-0000-0000-000000000066,00000000-0000-0000-0000-000000000066,True,2026-04-09 04:05:47.378075+00
69a8aabb-4121-478b-b09c-b79b302d0d83,A product manager wants 'hidden learner types' discovered from usage logs without manually tagging users. Which ML framing fits best and why?,descriptive,medium,00000000-0000-0000-0000-000000000017,00000000-0000-0000-0000-000000000085,00000000-0000-0000-0000-000000000085,True,2026-04-09 04:06:57.583722+00
6b7f32cd-26c7-4ec1-bb5a-748b4867e9de,"Your app stores candidate reports, evaluator notes, and admin settings. How should a situational question test understanding of least privilege?",descriptive,hard,00000000-0000-0000-0000-000000000016,00000000-0000-0000-0000-000000000080,00000000-0000-0000-0000-000000000080,True,2026-04-09 04:06:46.71525+00
6ba1a750-ae1f-4a63-9931-a349116f2f06,A learner clicks a button on a page and expects content to change immediately. Which web concept should your app introduce first?,descriptive,easy,00000000-0000-0000-0000-000000000014,00000000-0000-0000-0000-000000000073,00000000-0000-0000-0000-000000000073,True,2026-04-09 04:06:04.093333+00
6c05cb13-028c-44bb-ac17-a8162c94d876,What is recursion in programming and algorithms?,descriptive,easy,00000000-0000-0000-0000-000000000009,00000000-0000-0000-0000-000000000049,00000000-0000-0000-0000-000000000049,True,2026-04-09 04:04:37.500513+00
6d194f22-448c-4c7c-8db8-53deeabc74ac,Why can multithreaded programs be more efficient yet harder to write correctly?,descriptive,hard,00000000-0000-0000-0000-000000000011,00000000-0000-0000-0000-000000000056,00000000-0000-0000-0000-000000000056,True,2026-04-09 04:05:20.070998+00
6d5da1da-4789-4cc4-82c3-fcd1557be754,Why are layered network models useful in engineering?,mcq,hard,00000000-0000-0000-0000-000000000012,00000000-0000-0000-0000-000000000061,00000000-0000-0000-0000-000000000061,True,2026-04-09 04:05:33.379524+00
6d7a7eec-d0d2-40d1-b147-9f952c6525e1,What is the past tense of 'Run'?,descriptive,easy,,,,True,2026-04-16 10:32:43.624619+00
6d800780-087c-4f70-9a1c-485dd7334fce,Which join would you consider when you want all rows from the left table and matching rows from the right table?,mcq,hard,00000000-0000-0000-0000-000000000010,00000000-0000-0000-0000-000000000053,00000000-0000-0000-0000-000000000053,True,2026-04-09 04:02:08.293889+00
6d878fc3-e1e5-4ab2-83d5-ed5300d2ba00,You are working with a large dataset that does not fit into memory. What strategies would you employ?,descriptive,hard,,,,True,2026-04-14 15:51:05.892892+00
6ec21106-08dc-4bad-98cd-97a975a2815d,How would you approach evaluating a machine learning model's performance?,descriptive,medium,,,,True,2026-04-14 10:56:14.885754+00
6f782e12-e37c-4244-97fc-29ad527d8e80,"A loop continues while x < 5 and x starts at 1, increasing by 1 each time. How many times does it execute?",mcq,hard,00000000-0000-0000-0000-000000000006,00000000-0000-0000-0000-000000000032,00000000-0000-0000-0000-000000000032,True,2026-04-09 04:04:03.963202+00
6ffaba3e-cbcb-4c21-9876-d8d1537edb38,What does CI in DevOps usually stand for?,mcq,easy,00000000-0000-0000-0000-000000000020,00000000-0000-0000-0000-000000000096,00000000-0000-0000-0000-000000000096,True,2026-04-09 04:01:50.691078+00
700cebd6-0ebb-457f-a170-0b73671008cf,Define work done in physics in simple terms.,descriptive,easy,00000000-0000-0000-0000-000000000002,00000000-0000-0000-0000-000000000011,00000000-0000-0000-0000-000000000011,True,2026-04-09 04:01:06.671873+00
70914fc4-de59-4e4f-bcc9-1370f4874f0a,A dashboard uses a pie chart to show score changes over several months. What visualization issue should the app point out?,descriptive,medium,00000000-0000-0000-0000-000000000019,00000000-0000-0000-0000-000000000095,00000000-0000-0000-0000-000000000095,True,2026-04-09 04:01:39.140777+00
70a5b9b5-51e0-4ac1-ba56-39dfb148221b,Which metric would be most appropriate for evaluating a model predicting rare events?,descriptive,hard,,,,True,2026-04-14 10:56:16.366934+00
70c77941-8349-466c-a112-f041c8b863b5,A map tool in your app uses coordinates to connect users to nearby training centers. What mathematical ideas would help ensure accurate distance-based recommendations?,descriptive,hard,00000000-0000-0000-0000-000000000001,00000000-0000-0000-0000-000000000004,00000000-0000-0000-0000-000000000004,True,2026-04-09 04:00:58.150143+00
70f91ca5-842f-41cb-bcff-77bf0166a3f3,What does DNS do in simple terms?,descriptive,easy,00000000-0000-0000-0000-000000000012,00000000-0000-0000-0000-000000000065,00000000-0000-0000-0000-000000000065,True,2026-04-09 04:05:23.994376+00
7165f8af-854d-4073-bf0d-f050ca8e512f,Explain why feature engineering can be as important as model choice in real machine learning systems.,descriptive,hard,00000000-0000-0000-0000-000000000017,00000000-0000-0000-0000-000000000087,00000000-0000-0000-0000-000000000087,True,2026-04-09 04:06:59.380497+00
71b61e59-dcd8-4ded-82a9-032477ae3462,How is an inference different from a directly stated fact in a passage?,descriptive,medium,00000000-0000-0000-0000-000000000004,00000000-0000-0000-0000-000000000024,00000000-0000-0000-0000-000000000024,True,2026-04-09 04:03:27.927589+00
71febc45-8f79-44db-ac31-1e1a16b55072,Describe how electrons are arranged in shells in a simple atom and why this matters for chemical behavior.,descriptive,hard,00000000-0000-0000-0000-000000000003,00000000-0000-0000-0000-000000000016,00000000-0000-0000-0000-000000000016,True,2026-04-09 04:03:12.972453+00
72442891-9508-46fd-b0b1-2be71cf82a24,"Your app wants to judge whether a user has strategic thinking, not just factual knowledge. Why are planning-based questions useful for this?",descriptive,hard,00000000-0000-0000-0000-000000000018,00000000-0000-0000-0000-000000000091,00000000-0000-0000-0000-000000000091,True,2026-04-09 04:01:29.507536+00
7284721e-804c-4efe-a196-95b041af8839,"If an AI system uses facts and rules to infer a new conclusion, which capability is it using?",mcq,medium,00000000-0000-0000-0000-000000000018,00000000-0000-0000-0000-000000000090,00000000-0000-0000-0000-000000000090,True,2026-04-09 04:01:23.386813+00
733e41b9-863d-43c4-8582-4bb177ea2016,What is the role of a file system in an operating system?,descriptive,easy,00000000-0000-0000-0000-000000000011,00000000-0000-0000-0000-000000000060,00000000-0000-0000-0000-000000000060,True,2026-04-09 04:05:11.506561+00
7396f959-b505-47fb-abd7-9faea857072c,What is the purpose of cross-validation in model evaluation?,descriptive,medium,,,,True,2026-04-14 10:56:09.546592+00
73a43a67-1bc5-4245-97b8-51b482ea4518,What is the best first step when using ML Systems on a new problem?,descriptive,easy,,,,True,2026-04-14 16:10:16.942465+00
73a7d572-a265-4fc3-9e6b-0b38ca58ab19,Which practice most improves debugging quality in an ML experiment script?,descriptive,medium,,,,True,2026-04-13 06:49:54.526746+00
7449f165-145c-4b44-b034-69bd946bb0cb,Your product team wants a leaderboard showing top users by score with ties handled correctly. Which SQL ideas should the app eventually build toward after basic SELECT and WHERE?,descriptive,hard,00000000-0000-0000-0000-000000000010,00000000-0000-0000-0000-000000000052,00000000-0000-0000-0000-000000000052,True,2026-04-09 04:05:06.277701+00
74912736-27f3-4772-a601-63b163ad64ef,Why is it risky to jump from correlation in data directly to a strong causal conclusion?,descriptive,hard,00000000-0000-0000-0000-000000000019,00000000-0000-0000-0000-000000000094,00000000-0000-0000-0000-000000000094,True,2026-04-09 04:01:47.447583+00
75ef252d-5684-467e-b7de-9fe50b34fa41,What is the difference between an if statement and a loop?,descriptive,easy,00000000-0000-0000-0000-000000000006,00000000-0000-0000-0000-000000000032,00000000-0000-0000-0000-000000000032,True,2026-04-09 04:02:04.205208+00
7636f53e-a0ed-44ab-b033-0f88602b5fa4,What are the roots of x^2 - 5x + 6 = 0?,mcq,easy,00000000-0000-0000-0000-000000000001,00000000-0000-0000-0000-000000000002,00000000-0000-0000-0000-000000000002,True,2026-04-09 04:00:46.179344+00
77b64140-74d9-4b5f-8084-90100386f4af,Which service model usually gives users the most control over virtual machines and infrastructure?,mcq,easy,00000000-0000-0000-0000-000000000015,00000000-0000-0000-0000-000000000075,00000000-0000-0000-0000-000000000075,True,2026-04-09 04:06:15.346529+00
785c84eb-5fee-40d0-9f0d-9de3144d7a5c,Which evidence most improves confidence in a Cloud Computing proposal?,descriptive,medium,,,,True,2026-04-14 16:13:45.174266+00
790480a9-6276-4d7c-b394-f8f67d864b87,"You are evaluating portfolio websites for job readiness. Why should your platform care about semantic structure, not just visual appearance?",descriptive,hard,00000000-0000-0000-0000-000000000014,00000000-0000-0000-0000-000000000071,00000000-0000-0000-0000-000000000071,True,2026-04-09 04:06:12.159001+00
797bde2c-5f14-4cfb-b905-56ef688d949f,Inheritance allows a class to:,mcq,easy,00000000-0000-0000-0000-000000000007,00000000-0000-0000-0000-000000000038,00000000-0000-0000-0000-000000000038,True,2026-04-09 04:04:08.839459+00
7a077ce1-5753-44d1-98a8-320710adf103,"You are designing metadata for a RAG system that retrieves assessment questions by skill, difficulty, and role. Why is requirement quality especially important here?",descriptive,hard,00000000-0000-0000-0000-000000000013,00000000-0000-0000-0000-000000000067,00000000-0000-0000-0000-000000000067,True,2026-04-09 04:05:49.558147+00
7a2c5477-5874-4c23-addd-ef6af7b8a1a0,Which output proves that Cloud Computing decisions are measurable?,descriptive,easy,,,,True,2026-04-14 16:13:49.013226+00
7ad63977-0599-4fb7-9b47-4661e27362b7,What is the primary function of Docker?,descriptive,medium,,,,True,2026-04-16 10:32:43.625619+00
7b8ed734-acca-40f7-9343-7897fbb00db3,How is planning different from simply reacting immediately?,descriptive,medium,00000000-0000-0000-0000-000000000018,00000000-0000-0000-0000-000000000091,00000000-0000-0000-0000-000000000091,True,2026-04-09 04:01:24.25467+00
7bc47cf9-c202-43f5-ab3f-909fff165d3e,"In simple terms, what does polymorphism allow in object-oriented programming?",descriptive,easy,00000000-0000-0000-0000-000000000007,00000000-0000-0000-0000-000000000039,00000000-0000-0000-0000-000000000039,True,2026-04-09 04:04:09.740903+00
7bc71a9b-fafc-4fd4-8866-a863d3a2bb5c,What is the clearest warning sign that ML Systems scope is too broad?,descriptive,medium,,,,True,2026-04-14 16:10:20.531258+00
7c0c09b4-c537-4adc-964b-16bacb36bdaa,What is the difference between authentication and authorization in one clear explanation?,descriptive,easy,00000000-0000-0000-0000-000000000016,00000000-0000-0000-0000-000000000080,00000000-0000-0000-0000-000000000080,True,2026-04-09 04:02:43.565907+00
7c914c75-afe8-4305-bf36-2814f382f431,"Describe a scenario where you had to evaluate a machine learning model. Discuss the metrics you selected, how you split your dataset, the challenges you faced during error analysis, and the considerations you took into account to determine the model's readiness for deployment.",descriptive,hard,,,,True,2026-04-14 10:56:20.845555+00
7cab104f-5526-4a25-9637-292bde090fdb,"Your platform merges learner data from forms, tests, and manual uploads. Why should cleaning be treated as a core step rather than an afterthought?",descriptive,medium,00000000-0000-0000-0000-000000000019,00000000-0000-0000-0000-000000000092,00000000-0000-0000-0000-000000000092,True,2026-04-09 04:01:39.786716+00
7d3cdac8-fea4-4a72-9b4a-7762b4bd91dd,Why is making every class attribute public usually considered poor design?,descriptive,medium,00000000-0000-0000-0000-000000000007,00000000-0000-0000-0000-000000000037,00000000-0000-0000-0000-000000000037,True,2026-04-09 04:04:11.908803+00
7e024dec-daa9-4216-9af0-cdf393eb4519,What is the purpose of the virtual DOM?,descriptive,hard,,,,True,2026-04-16 10:32:43.624619+00
7e7e0c17-68f5-456a-86ed-ba7f3ffea03e,"If a car travels at 60 km/h for 2 hours, what distance does it cover?",mcq,easy,00000000-0000-0000-0000-000000000005,00000000-0000-0000-0000-000000000028,00000000-0000-0000-0000-000000000028,True,2026-04-09 04:03:35.443814+00
7ef087ac-4b94-46a0-86c0-c9365669797c,What best describes strong Python Fundamentals for ML practice in a production setting?,descriptive,medium,,,,True,2026-04-14 09:17:36.241659+00
7fee74fb-df3c-4b60-815a-dad142532ba4,What is phishing mainly designed to do?,mcq,medium,00000000-0000-0000-0000-000000000016,00000000-0000-0000-0000-000000000081,00000000-0000-0000-0000-000000000081,True,2026-04-09 04:06:40.787133+00
7ff75798-b495-4103-ad43-4817205e4770,A student thinks scheduling is just about speed. What broader factors should the app introduce?,descriptive,easy,00000000-0000-0000-0000-000000000011,00000000-0000-0000-0000-000000000057,00000000-0000-0000-0000-000000000057,True,2026-04-09 04:02:24.998152+00
808ce609-02c2-4ce3-812c-58b67c8692c5,How can you ensure that your model is not overfitting?,descriptive,medium,,,,True,2026-04-14 10:56:18.388693+00
80987374-fa42-422c-a2d7-de4f54f9044b,A fair die is rolled once. What is the probability of getting a 4?,mcq,easy,00000000-0000-0000-0000-000000000001,00000000-0000-0000-0000-000000000007,00000000-0000-0000-0000-000000000007,True,2026-04-09 04:00:48.780027+00
80cd0361-3e08-4ef4-822a-cae51dee0e33,What makes a Python Fundamentals for ML implementation resilient after the first release?,descriptive,hard,,,,True,2026-04-14 09:17:39.901953+00
81296f3a-e5aa-4b40-abaa-15b6aa141781,"In AI, an intelligent agent mainly does what?",mcq,easy,00000000-0000-0000-0000-000000000018,00000000-0000-0000-0000-000000000088,00000000-0000-0000-0000-000000000088,True,2026-04-09 04:01:17.401032+00
81ef7bbe-b3a8-4367-a6f6-ac753e86468d,A learner confuses a router with a switch. What simple explanation should the app use first?,descriptive,easy,00000000-0000-0000-0000-000000000012,00000000-0000-0000-0000-000000000064,00000000-0000-0000-0000-000000000064,True,2026-04-09 04:02:36.239481+00
8268b5e3-3cf8-477d-b5fa-beae03930ffd,"A startup stores user name, course name, mentor name, and mentor phone in one large table. What database design risk should your app highlight first?",descriptive,hard,00000000-0000-0000-0000-000000000010,00000000-0000-0000-0000-000000000054,00000000-0000-0000-0000-000000000054,True,2026-04-09 04:05:07.043724+00
833d7448-6838-4d2b-823c-58b1a5f4f59e,What is the basic role of a router?,descriptive,easy,00000000-0000-0000-0000-000000000012,00000000-0000-0000-0000-000000000064,00000000-0000-0000-0000-000000000064,True,2026-04-09 04:05:23.344544+00
834fda2b-5103-42cb-b3ae-991f46608ed7,What is the clearest warning sign that Cloud Computing scope is too broad?,descriptive,medium,,,,True,2026-04-14 16:13:46.017249+00
839bdb0c-901f-4fe3-8f7d-a3979c2b8ecb,What is the importance of error analysis in the model evaluation process?,descriptive,medium,,,,True,2026-04-14 10:56:17.091764+00
83e1c479-f57d-4c8d-a000-eb4ad6c4bdf1,What does CNN stand for?,descriptive,easy,,,,True,2026-04-16 10:32:43.624619+00
83fe5f9e-8bb8-4859-ae58-a8b0c5b9dfbb,What is the purpose of A/B testing in the context of machine learning model deployment?,descriptive,medium,,,,True,2026-04-14 16:11:17.998897+00
840db862-67b1-45e4-bb17-e80530757160,Write a short two-line professional email requesting a meeting to discuss a project delay.,descriptive,medium,00000000-0000-0000-0000-000000000004,00000000-0000-0000-0000-000000000025,00000000-0000-0000-0000-000000000025,True,2026-04-09 04:03:28.631478+00
84a2c665-6c1c-450a-bf2a-5d2215c1bb28,What is the purpose of an activation function?,descriptive,hard,,,,True,2026-04-16 10:32:43.624619+00
859638a9-3141-4caf-8b1b-5ea365edadef,When might linear search still be a practical choice even if faster algorithms exist?,descriptive,medium,00000000-0000-0000-0000-000000000009,00000000-0000-0000-0000-000000000046,00000000-0000-0000-0000-000000000046,True,2026-04-09 04:04:43.898268+00
860fff5d-418a-495d-a8e5-15b3b41c5687,What does strong ownership look like when leading Social Science execution?,descriptive,hard,,,,True,2026-04-16 14:25:28.723289+00
868fd54b-f6be-4fbb-aef3-f1e2a4c0ca8b,Which of these is a common type of Neural Network layer?,descriptive,medium,,,,True,2026-04-16 10:32:43.624619+00
869bc4fc-1882-4b16-95c1-891e44398055,What is HTML mainly used for in web development?,mcq,easy,00000000-0000-0000-0000-000000000014,00000000-0000-0000-0000-000000000071,00000000-0000-0000-0000-000000000071,True,2026-04-09 04:05:50.852276+00
86c5de6a-2dc1-40f2-bf14-3e38707f709e,What does strong ownership look like when leading Python Fundamentals for ML execution?,descriptive,hard,,,,True,2026-04-14 09:17:43.703788+00
86cfb503-c172-4874-9718-c851f3e9a224,What is a feature in machine learning in simple terms?,descriptive,easy,00000000-0000-0000-0000-000000000017,00000000-0000-0000-0000-000000000087,00000000-0000-0000-0000-000000000087,True,2026-04-09 04:06:51.787931+00
86e7b305-a3bd-43e1-adaf-d85fe174ad56,How does a class diagram help during software design?,descriptive,medium,00000000-0000-0000-0000-000000000013,00000000-0000-0000-0000-000000000069,00000000-0000-0000-0000-000000000069,True,2026-04-09 04:05:44.364271+00
86fca5e0-069f-45e8-af38-15e0b628d211,Which of the following best describes 'model serving'?,descriptive,medium,,,,True,2026-04-14 16:11:20.226355+00
86ffdfe1-349c-4672-9911-0225db43f98c,What makes a Artificial Intelligence implementation resilient after the first release?,descriptive,hard,,,,True,2026-04-14 16:12:54.707925+00
877f1375-2f28-4f1c-b4de-a1e7027bd100,How does redundancy help improve reliability in cloud systems?,descriptive,medium,00000000-0000-0000-0000-000000000015,00000000-0000-0000-0000-000000000078,00000000-0000-0000-0000-000000000078,True,2026-04-09 04:06:22.194996+00
87c80c15-bca5-4a3f-97ee-8dcb22ddf48e,Which output proves that Artificial Intelligence decisions are measurable?,descriptive,easy,,,,True,2026-04-14 16:12:59.439854+00
882dd721-9523-4674-b4fa-35c4f0e594bd,Why is reusing the same password across many platforms risky?,descriptive,medium,00000000-0000-0000-0000-000000000016,00000000-0000-0000-0000-000000000082,00000000-0000-0000-0000-000000000082,True,2026-04-09 04:06:41.738896+00
88607ec0-7268-48e5-a107-ff6c44d64099,Give one example of a real-world inheritance relationship in software modeling.,descriptive,medium,00000000-0000-0000-0000-000000000007,00000000-0000-0000-0000-000000000038,00000000-0000-0000-0000-000000000038,True,2026-04-09 04:04:12.557262+00
88a1bf1e-eb54-488a-b18d-d6d452a8745e,A product team asks whether learners are improving over time. What type of analytics reasoning should your app encourage first?,descriptive,easy,00000000-0000-0000-0000-000000000019,00000000-0000-0000-0000-000000000094,00000000-0000-0000-0000-000000000094,True,2026-04-09 04:01:34.908325+00
89bbf5b0-3fc2-4b4e-ad2f-9cdf4470dd21,"If one user’s score is extremely higher than everyone else’s, which average measure may become misleading?",mcq,hard,00000000-0000-0000-0000-000000000019,00000000-0000-0000-0000-000000000093,00000000-0000-0000-0000-000000000093,True,2026-04-09 04:01:40.441101+00
89d0855c-d838-42b5-be64-41bdc2f6ac30,A learner updates two related records separately and worries about inconsistency if one update fails. Which DBMS idea should the app introduce?,descriptive,easy,00000000-0000-0000-0000-000000000010,00000000-0000-0000-0000-000000000055,00000000-0000-0000-0000-000000000055,True,2026-04-09 04:02:34.683045+00
8a41c9d8-cf74-4dd7-9002-dd7856e1a21a,"If a list is already sorted, which basic sort still performs many unnecessary comparisons in its simplest form?",descriptive,hard,00000000-0000-0000-0000-000000000009,00000000-0000-0000-0000-000000000048,00000000-0000-0000-0000-000000000048,True,2026-04-09 04:04:44.577913+00
8acfd20b-0c1e-4941-aae3-b8cd369cd29a,Your app wants to teach folder organization on a computer. Why are trees a good conceptual match?,descriptive,medium,00000000-0000-0000-0000-000000000008,00000000-0000-0000-0000-000000000045,00000000-0000-0000-0000-000000000045,True,2026-04-09 04:04:24.999189+00
8b11c8e0-8639-4bfa-bb16-8ae862e17b59,The sum of angles in a triangle is?,descriptive,easy,,,,True,2026-04-16 10:32:43.624619+00
8c601f54-d7db-4113-8508-dc8b3fb0ad06,Solve for x: 5x - 10 = 0,descriptive,easy,,,,True,2026-04-16 10:32:43.624619+00
8ccfcc99-ca9e-40ad-b856-a0e54a8d656f,Choose the grammatically correct sentence.,mcq,medium,00000000-0000-0000-0000-000000000004,00000000-0000-0000-0000-000000000022,00000000-0000-0000-0000-000000000022,True,2026-04-09 04:03:25.866766+00
8d18d3be-12bd-44f3-8cbb-00e2cf1e2dba,"Scenario in Mathematics: Given a need related to Geometry - Triangles, what is the most appropriate next step?",descriptive,medium,00000000-0000-0000-0000-000000000001,00000000-0000-0000-0000-000000000003,00000000-0000-0000-0000-000000000003,True,2026-04-16 09:35:35.979005+00
8d5587c8-7ef3-40e1-abc5-84e5fc223ee8,Explain how you would apply Calculus - Limits in Mathematics.,descriptive,hard,00000000-0000-0000-0000-000000000001,00000000-0000-0000-0000-000000000005,00000000-0000-0000-0000-000000000005,True,2026-04-16 09:35:35.979005+00
8da231be-4969-4b7b-8f74-3c36dc78e089,What is a common method for monitoring the performance of deployed machine learning models?,descriptive,medium,,,,True,2026-04-14 16:11:21.103298+00
8dab4c71-f2e8-4384-9797-e242bb2570c2,What is encryption in simple terms?,descriptive,easy,00000000-0000-0000-0000-000000000016,00000000-0000-0000-0000-000000000083,00000000-0000-0000-0000-000000000083,True,2026-04-09 04:06:38.233256+00
8dcd091f-8ebd-4fba-b57b-2dada7ce062c,What is the main advantage of an array?,mcq,easy,00000000-0000-0000-0000-000000000008,00000000-0000-0000-0000-000000000041,00000000-0000-0000-0000-000000000041,True,2026-04-09 04:04:17.409848+00
8df82ac4-5fb0-4361-a9ba-4f4c9a3d98c4,What is the clearest warning sign that Python Fundamentals for ML scope is too broad?,descriptive,medium,,,,True,2026-04-14 09:17:41.460845+00
8df9b715-6353-4ae4-9663-206b4e87f82c,What does it mean to update the DOM?,descriptive,easy,00000000-0000-0000-0000-000000000014,00000000-0000-0000-0000-000000000073,00000000-0000-0000-0000-000000000073,True,2026-04-09 04:02:26.915232+00
8f8e876e-221e-4088-ab52-45578285bf6e,How should Data Structures - Linked Lists decisions usually be validated before rollout?,descriptive,hard,,00000000-0000-0000-0000-000000000042,,True,2026-04-14 16:09:21.648059+00
8fd43b59-c14a-42a9-9a96-2b867462f5f3,Your platform sends emails to users. Why should learners understand phishing when designing or managing such systems?,descriptive,medium,00000000-0000-0000-0000-000000000016,00000000-0000-0000-0000-000000000081,00000000-0000-0000-0000-000000000081,True,2026-04-09 04:06:43.807832+00
9007a77b-60ce-497a-9697-848bc89105f1,What is the correct syntax for a React hook?,descriptive,medium,,,,True,2026-04-16 10:32:43.624619+00
904ff607-67fd-4c04-b981-6b7d49cb7b07,Which join returns only matching rows from both tables?,mcq,medium,00000000-0000-0000-0000-000000000010,00000000-0000-0000-0000-000000000053,00000000-0000-0000-0000-000000000053,True,2026-04-09 04:04:54.556698+00
908b76e7-deee-4232-b04e-36f1dadeba1e,"What is the distance between points (0,0) and (3,4)?",mcq,easy,00000000-0000-0000-0000-000000000001,00000000-0000-0000-0000-000000000004,00000000-0000-0000-0000-000000000004,True,2026-04-09 04:00:47.906181+00
90c3ab5a-e865-4cfe-8ed8-ef966576e00c,What does NLP stand for in AI?,descriptive,easy,,,,True,2026-04-16 10:32:43.624619+00
90dd0424-7c15-46bf-9753-66aa3a5fd691,Which design pattern ensures a class has only one instance globally?,descriptive,medium,,,,True,2026-04-16 10:32:43.624619+00
91ae6786-e519-41d0-a200-78c9926fa0fc,Your platform deploys updates frequently. Why is automated testing inside the pipeline important before release?,descriptive,medium,00000000-0000-0000-0000-000000000020,00000000-0000-0000-0000-000000000096,00000000-0000-0000-0000-000000000096,True,2026-04-09 04:01:58.73666+00
91e09906-a184-4a9b-aee3-0c1439583278,Your app shows that user engagement dropped after a new feature launch. Why should the analysis layer avoid making a single-cause assumption too quickly?,descriptive,hard,00000000-0000-0000-0000-000000000019,00000000-0000-0000-0000-000000000094,00000000-0000-0000-0000-000000000094,True,2026-04-09 04:01:49.395462+00
93062ae6-22f6-400c-a87e-4cd4eb27d868,What does strong ownership look like when leading ML Systems execution?,descriptive,hard,,,,True,2026-04-14 16:10:23.059472+00
93212b9f-a78e-438d-8a5e-ea027873dd13,When should a Cloud Computing plan be reconsidered instead of pushed through?,descriptive,hard,,,,True,2026-04-14 16:13:46.847572+00
93626fb9-0b88-4024-9422-63dfb15064fb,Why is monitoring important after deployment?,descriptive,easy,00000000-0000-0000-0000-000000000020,00000000-0000-0000-0000-000000000099,00000000-0000-0000-0000-000000000099,True,2026-04-09 04:01:53.262459+00
93841017-9c5b-4a23-a8d5-1d6aed369bc5,What should you do if your AI model's predictions are consistently inaccurate after deployment?,descriptive,medium,,,,True,2026-04-14 16:13:01.676403+00
939792f5-6d44-47d2-8300-1420745a1435,Which protocol is commonly used by browsers to request webpages from servers?,mcq,easy,00000000-0000-0000-0000-000000000012,00000000-0000-0000-0000-000000000065,00000000-0000-0000-0000-000000000065,True,2026-04-09 04:02:09.817665+00
944ed04c-7215-4ceb-aed9-87f67ab3caab,Which metric would you use to evaluate a regression model's performance?,descriptive,medium,,,,True,2026-04-14 10:56:10.185483+00
9474a784-63bc-4897-a140-73906671c634,Why can automation improve security and reliability as well as speed?,descriptive,hard,00000000-0000-0000-0000-000000000020,00000000-0000-0000-0000-000000000097,00000000-0000-0000-0000-000000000097,True,2026-04-09 04:02:00.86821+00
95196a1a-584e-4be3-9fd4-8a83cc551882,"You are working on a time series forecasting model and notice that the model's predictions are consistently lagging behind actual values. What could be the reason, and how would you improve the model?",descriptive,hard,,,,True,2026-04-14 16:12:06.685416+00
9529a576-d452-43b8-8a02-8123e03ac86c,A user reads quickly but misidentifies the author’s point. What reading strategy should your app suggest first?,descriptive,easy,00000000-0000-0000-0000-000000000004,00000000-0000-0000-0000-000000000024,00000000-0000-0000-0000-000000000024,True,2026-04-09 04:03:32.822385+00
9557d7d0-3c44-4a44-a061-e62b78c7b6ee,Which cloud model is most suitable when you want to use an application directly without managing the platform or infrastructure?,mcq,medium,00000000-0000-0000-0000-000000000015,00000000-0000-0000-0000-000000000075,00000000-0000-0000-0000-000000000075,True,2026-04-09 04:06:19.357756+00
956f5a8b-dcbc-4b1e-bd07-305541acc947,Which data type is most appropriate for storing a true/false condition?,descriptive,medium,00000000-0000-0000-0000-000000000006,00000000-0000-0000-0000-000000000031,00000000-0000-0000-0000-000000000031,True,2026-04-09 04:03:53.474903+00
95817abd-3fd7-45a3-adf7-755c159df58c,Why might an organization choose a hybrid cloud approach?,descriptive,medium,00000000-0000-0000-0000-000000000015,00000000-0000-0000-0000-000000000077,00000000-0000-0000-0000-000000000077,True,2026-04-09 04:06:21.406787+00
95b505e0-30be-4e53-a9ba-f9714e375894,How can you ensure that your AI model remains compliant with data privacy regulations?,descriptive,hard,,,,True,2026-04-14 16:13:02.386165+00
95f15959-1f8d-4bd6-bd84-1bbcbfd4b680,What is the most abundant gas in Earth's atmosphere?,descriptive,medium,,,,True,2026-04-16 10:32:43.624619+00
9600ec1a-ac5f-4680-857f-4d78251039a9,What is the main idea of a passage? Explain in one or two lines.,descriptive,easy,00000000-0000-0000-0000-000000000004,00000000-0000-0000-0000-000000000024,00000000-0000-0000-0000-000000000024,True,2026-04-09 04:03:19.599479+00
96a36ed2-c969-4af6-bc0c-85811bdafe43,"If A is the brother of B and B is the sister of C, what is A to C?",mcq,easy,00000000-0000-0000-0000-000000000005,00000000-0000-0000-0000-000000000030,00000000-0000-0000-0000-000000000030,True,2026-04-09 04:03:37.47291+00
96cb8115-9b87-4480-be08-8396d925fa21,You need to reverse a linked list in place. What approach would you take?,descriptive,hard,,00000000-0000-0000-0000-000000000042,,True,2026-04-14 16:09:28.548141+00
97405d93-53d9-4015-ad7a-ca1bc85581de,What is the molar mass of water (H2O)?,mcq,easy,00000000-0000-0000-0000-000000000003,00000000-0000-0000-0000-000000000020,00000000-0000-0000-0000-000000000020,True,2026-04-09 04:03:06.415961+00
9785c244-bc74-4440-8cc1-ced9ce908efb,You are evaluating coding answers and want to detect whether a learner truly understands polymorphism. What kind of prompt would reveal that?,descriptive,medium,00000000-0000-0000-0000-000000000007,00000000-0000-0000-0000-000000000039,00000000-0000-0000-0000-000000000039,True,2026-04-09 04:04:13.197497+00
97a9ea6f-d959-4483-ad33-97a1749be423,Identify the noun in the sentence: 'The quick brown fox jumps.',descriptive,easy,,,,True,2026-04-16 10:32:43.624619+00
990ea748-2225-464a-8a35-5e1943ff3ecb,Why do we evaluate a machine learning model?,mcq,easy,00000000-0000-0000-0000-000000000017,00000000-0000-0000-0000-000000000086,00000000-0000-0000-0000-000000000086,True,2026-04-09 04:06:50.921409+00
99404d7a-0964-41ab-be3a-20dc4236661e,What is planning in AI in simple terms?,descriptive,easy,00000000-0000-0000-0000-000000000018,00000000-0000-0000-0000-000000000091,00000000-0000-0000-0000-000000000091,True,2026-04-09 04:01:20.415962+00
9a0cb278-a456-423d-a2a7-004671f05d8d,Which loop is most appropriate when you know in advance how many times an action should repeat?,mcq,medium,00000000-0000-0000-0000-000000000006,00000000-0000-0000-0000-000000000032,00000000-0000-0000-0000-000000000032,True,2026-04-09 04:04:00.718837+00
9a46b21a-0930-42b9-aaff-9015d095eb3c,What does the letter A stand for in ACID properties?,descriptive,easy,00000000-0000-0000-0000-000000000010,00000000-0000-0000-0000-000000000055,00000000-0000-0000-0000-000000000055,True,2026-04-09 04:04:52.194916+00
9a76e921-3695-45c1-8b85-ead50dd1d971,What happens if you assign a decimal value to an integer variable in many languages?,mcq,medium,00000000-0000-0000-0000-000000000006,00000000-0000-0000-0000-000000000031,00000000-0000-0000-0000-000000000031,True,2026-04-09 04:03:59.842054+00
9b353acc-a265-4130-8c3e-e16485cfd8e1,What is the basic idea behind DevOps culture?,descriptive,easy,00000000-0000-0000-0000-000000000020,00000000-0000-0000-0000-000000000100,00000000-0000-0000-0000-000000000100,True,2026-04-09 04:01:53.894745+00
9b98f708-5590-4dd8-a414-9cf6b7a9f4d5,An IP address is mainly used to:,mcq,easy,00000000-0000-0000-0000-000000000012,00000000-0000-0000-0000-000000000063,00000000-0000-0000-0000-000000000063,True,2026-04-09 04:05:22.435647+00
9bb3d6fd-b791-4589-8087-00df0ce97254,What is the role of a model registry in the deployment of machine learning models?,descriptive,medium,,,,True,2026-04-14 16:11:16.470132+00
9bf13d99-5cc7-4896-acee-a08d352403a9,Give one real-world or programming use case where a stack is a natural fit.,descriptive,medium,00000000-0000-0000-0000-000000000008,00000000-0000-0000-0000-000000000043,00000000-0000-0000-0000-000000000043,True,2026-04-09 04:04:23.652846+00
9c2b03ea-7aa0-432c-bae4-b487bf0a887c,Which signal most strongly indicates that Machine Learning work is incomplete?,descriptive,easy,,,,True,2026-04-14 16:11:55.654937+00
9cbe7651-3218-4c48-ae7d-b13c4ad468a1,Explain how you would apply Algebra - Linear Equations in Mathematics.,descriptive,hard,00000000-0000-0000-0000-000000000001,00000000-0000-0000-0000-000000000001,00000000-0000-0000-0000-000000000001,True,2026-04-16 09:35:35.979005+00
9cc7b881-e4f6-45e7-afc1-a2c38a3142b3,A learner keeps treating cybersecurity as only 'hacking.' What broader foundation should your app introduce first?,descriptive,easy,00000000-0000-0000-0000-000000000016,00000000-0000-0000-0000-000000000079,00000000-0000-0000-0000-000000000079,True,2026-04-09 04:06:38.968243+00
9cca57f4-855f-4299-ae25-aaa7adac39fd,Explain why reasoning systems depend heavily on the quality of their knowledge base.,descriptive,hard,00000000-0000-0000-0000-000000000018,00000000-0000-0000-0000-000000000090,00000000-0000-0000-0000-000000000090,True,2026-04-09 04:01:27.951586+00
9ce8e294-05af-418c-b16e-9750888c2a53,Which access pattern does a stack follow?,mcq,easy,00000000-0000-0000-0000-000000000008,00000000-0000-0000-0000-000000000043,00000000-0000-0000-0000-000000000043,True,2026-04-09 04:04:19.184379+00
9cf3cbf3-bd51-40c4-b50e-5140ca11e029,"For the equation x^2 - 4x + 8 = 0, what is the discriminant?",mcq,hard,00000000-0000-0000-0000-000000000001,00000000-0000-0000-0000-000000000002,00000000-0000-0000-0000-000000000002,True,2026-04-09 04:00:56.528784+00
9e1ce5c9-316b-41e7-ad97-327e115337a9,A learner can trace loops but gets confused when functions call themselves. What concept should the app emphasize first?,descriptive,easy,00000000-0000-0000-0000-000000000009,00000000-0000-0000-0000-000000000049,00000000-0000-0000-0000-000000000049,True,2026-04-09 04:02:49.86609+00
9e9ffd3b-2524-49a3-82ea-0004437e9d84,AI search problems usually involve:,mcq,easy,00000000-0000-0000-0000-000000000018,00000000-0000-0000-0000-000000000089,00000000-0000-0000-0000-000000000089,True,2026-04-09 04:01:18.381257+00
9ec50109-c0bc-4976-9214-bea696eb9152,Why is a queue a natural fit for serving customers in arrival order?,descriptive,easy,00000000-0000-0000-0000-000000000008,00000000-0000-0000-0000-000000000044,00000000-0000-0000-0000-000000000044,True,2026-04-09 04:02:22.758322+00
9f9a224f-700f-47df-ac13-67991a85a307,Why does each device in a network need an address?,descriptive,medium,00000000-0000-0000-0000-000000000012,00000000-0000-0000-0000-000000000063,00000000-0000-0000-0000-000000000063,True,2026-04-09 04:05:26.39584+00
a08388bc-d040-4c23-a896-246992db6b48,A number is increased by 7 and the result is 25. Form an equation and solve it.,descriptive,medium,00000000-0000-0000-0000-000000000001,00000000-0000-0000-0000-000000000001,00000000-0000-0000-0000-000000000001,True,2026-04-09 04:00:53.689281+00
a169997d-8133-4282-9c95-118c7f4bdea0,Two like charges are brought near each other. What happens?,mcq,medium,00000000-0000-0000-0000-000000000002,00000000-0000-0000-0000-000000000012,00000000-0000-0000-0000-000000000012,True,2026-04-09 04:02:57.370005+00
a1ca2fab-9382-4a5b-9f6f-1863984131c8,A candidate improved their score from 40 to 52 in a week. How would your system explain this as a percentage improvement in a way that is easy to understand?,descriptive,hard,00000000-0000-0000-0000-000000000005,00000000-0000-0000-0000-000000000026,00000000-0000-0000-0000-000000000026,True,2026-04-09 04:03:46.14437+00
a225d112-b10a-4d95-a589-70ad5a7daa18,Which OOP concept is most directly used when a base class reference calls an overridden method in a child class?,mcq,hard,00000000-0000-0000-0000-000000000007,00000000-0000-0000-0000-000000000039,00000000-0000-0000-0000-000000000039,True,2026-04-09 04:04:14.534697+00
a25aace9-1456-49ed-b072-55517191953b,Which metric is most appropriate for evaluating a binary classification model?,descriptive,medium,,,,True,2026-04-14 10:56:07.553947+00
a31a95c3-26c3-4f3d-b8fe-1d024de7ea0e,Explain why feature engineering can be as important as model choice in real machine learning systems. Discuss how the quality of data representation impacts model performance and the overall success of machine learning applications.,descriptive,hard,,,,True,2026-04-14 16:12:09.256746+00
a330d7ad-9d4b-4957-9be6-d03d74f49cc4,Why is using a strong password important?,descriptive,easy,00000000-0000-0000-0000-000000000016,00000000-0000-0000-0000-000000000082,00000000-0000-0000-0000-000000000082,True,2026-04-09 04:06:37.54433+00
a3658e27-7ee3-4671-800b-cc65e31524d7,Why are joins used in SQL?,mcq,easy,00000000-0000-0000-0000-000000000010,00000000-0000-0000-0000-000000000053,00000000-0000-0000-0000-000000000053,True,2026-04-09 04:04:50.47633+00
a37ebcae-03cb-4b9e-ba2d-b5aa0e6eb6f2,Which CSS concept controls space outside an element’s border?,mcq,medium,00000000-0000-0000-0000-000000000014,00000000-0000-0000-0000-000000000072,00000000-0000-0000-0000-000000000072,True,2026-04-09 04:06:05.797037+00
a39da4b2-e382-4339-9c23-4e38033ccbd5,Explain consistency in ACID using a simple example.,descriptive,hard,00000000-0000-0000-0000-000000000010,00000000-0000-0000-0000-000000000055,00000000-0000-0000-0000-000000000055,True,2026-04-09 04:05:04.899016+00
a437bfd8-f11b-4aaf-8655-d92bb4216d38,"What is missing data, and why can it be a problem?",descriptive,easy,00000000-0000-0000-0000-000000000019,00000000-0000-0000-0000-000000000092,00000000-0000-0000-0000-000000000092,True,2026-04-09 04:01:34.238534+00
a438bdfb-cda0-4cce-af94-c81101dc8ce8,What is abstraction and why is it useful in software design?,descriptive,easy,00000000-0000-0000-0000-000000000007,00000000-0000-0000-0000-000000000040,00000000-0000-0000-0000-000000000040,True,2026-04-09 04:04:10.388749+00
a48fb855-84d4-4818-895e-651e6e2b7cf0,Which term best describes the top node of a tree?,mcq,easy,00000000-0000-0000-0000-000000000008,00000000-0000-0000-0000-000000000045,00000000-0000-0000-0000-000000000045,True,2026-04-09 04:02:06.75636+00
a4de7cb7-e5c7-4b14-8a0c-931ffc9cfc0b,What does the term 'overfitting' refer to in machine learning?,descriptive,medium,,,,True,2026-04-14 10:56:13.408456+00
a4f815d7-0918-4aa7-b3e7-b839e056aed3,Which algorithm is commonly used for classification tasks?,descriptive,medium,,,,True,2026-04-16 10:32:43.624619+00
a55f5f22-3d58-49aa-a426-c8e486c0ad03,What does strong ownership look like when leading Artificial Intelligence execution?,descriptive,hard,,,,True,2026-04-14 16:12:58.693754+00
a643a196-6f72-4adb-a190-5a55cc5f89a9,"A recommendation feature silently starts failing after a release, but no one notices for hours. What DevOps gap does this reveal?",descriptive,hard,00000000-0000-0000-0000-000000000020,00000000-0000-0000-0000-000000000099,00000000-0000-0000-0000-000000000099,True,2026-04-09 04:02:02.775343+00
a66f3467-330f-4354-84c9-4bb8e2c22d58,"Explain why the expression (x^2 - 9)/(x - 3) is undefined at x = 3 in its original form, yet its limit exists as x approaches 3.",descriptive,hard,00000000-0000-0000-0000-000000000001,00000000-0000-0000-0000-000000000005,00000000-0000-0000-0000-000000000005,True,2026-04-09 04:00:57.40358+00
a6b5b1ca-08fd-4d32-a6e7-159a709f3ed8,"In simple terms, what does a greedy algorithm try to do?",descriptive,easy,00000000-0000-0000-0000-000000000009,00000000-0000-0000-0000-000000000050,00000000-0000-0000-0000-000000000050,True,2026-04-09 04:04:38.160751+00
a72343eb-181e-456a-8b39-0e9b2e13435d,Why is comparing simple sorting algorithms still useful for beginners even if faster advanced sorts exist?,descriptive,medium,00000000-0000-0000-0000-000000000009,00000000-0000-0000-0000-000000000048,00000000-0000-0000-0000-000000000048,True,2026-04-09 04:02:07.638386+00
a82d3935-6772-4233-868d-9c0a1b73cb3f,Which part of the CIA triad is most directly concerned with preventing unauthorized modification of data?,mcq,hard,00000000-0000-0000-0000-000000000016,00000000-0000-0000-0000-000000000079,00000000-0000-0000-0000-000000000079,True,2026-04-09 04:06:44.4793+00
a86068a0-0fcf-4ce2-92c9-4c137d8de826,What is the strongest next move in this Machine Learning scenario?,descriptive,hard,,,,True,2026-04-14 17:31:17.80894+00
a873d160-e442-42d0-b23d-b5421f6281cc,What framework is created by Facebook for building UIs?,descriptive,easy,,,,True,2026-04-16 10:32:43.624619+00
a882bc7a-3871-4798-9125-79bb0ad91f27,A learner wants to understand how an AI chatbot chooses its next step in a task. Which AI concept can provide a simple starting explanation?,descriptive,easy,00000000-0000-0000-0000-000000000018,00000000-0000-0000-0000-000000000089,00000000-0000-0000-0000-000000000089,True,2026-04-09 04:01:21.854943+00
a89014ef-8d19-454d-8767-d1e8bcb4b47b,Which statement best describes UDP?,mcq,medium,00000000-0000-0000-0000-000000000012,00000000-0000-0000-0000-000000000062,00000000-0000-0000-0000-000000000062,True,2026-04-09 04:05:25.387894+00
a8d63708-31d5-4a16-8be7-af9cbd47e7a5,Describe a real-world use case where trigonometric ratios help estimate an inaccessible height.,descriptive,hard,00000000-0000-0000-0000-000000000001,00000000-0000-0000-0000-000000000008,00000000-0000-0000-0000-000000000008,True,2026-04-09 04:00:58.819357+00
aa4c5e7c-1157-48da-8334-133b421fdd34,What is the process by which plants make their food?,descriptive,easy,,,,True,2026-04-16 10:32:43.624619+00
aa4daaed-5baf-4d4d-9c44-5160928fa325,Your app detects that learners often fail blood relation questions because they lose track of relationships. What feature would you add to improve reasoning accuracy?,descriptive,hard,00000000-0000-0000-0000-000000000005,00000000-0000-0000-0000-000000000030,00000000-0000-0000-0000-000000000030,True,2026-04-09 04:03:45.372188+00
aaee7c17-ca51-435d-b712-2ec5e1b06346,How would you approach scaling a deployed model to handle increased traffic?,descriptive,hard,,,,True,2026-04-14 16:11:27.265908+00
ab12f332-cb02-43a8-8fa9-c70f45e210ac,A learner enters a website name in a browser and asks what happens first. Which two networking concepts should your app connect immediately?,descriptive,medium,00000000-0000-0000-0000-000000000012,00000000-0000-0000-0000-000000000065,00000000-0000-0000-0000-000000000065,True,2026-04-09 04:05:32.06312+00
ac0e112a-4772-4c23-af1b-8c67719116f7,What is the main role of virtualization in cloud computing?,mcq,hard,00000000-0000-0000-0000-000000000015,00000000-0000-0000-0000-000000000074,00000000-0000-0000-0000-000000000074,True,2026-04-09 04:06:24.330091+00
ac86a0e6-8552-4b89-bead-4e7538542299,What is the main purpose of a function in programming?,mcq,easy,00000000-0000-0000-0000-000000000006,00000000-0000-0000-0000-000000000033,00000000-0000-0000-0000-000000000033,True,2026-04-09 04:03:49.285893+00
ac8b532d-d856-4560-936a-609762dd1c99,What considerations should be made when deploying an AI model in a production environment?,descriptive,hard,,,,True,2026-04-14 16:13:00.126667+00
ad0fe9ae-cb6e-45e0-8907-691f6911be87,You are required to implement a function that removes the nth node from the end of a linked list. What strategy would you use?,descriptive,medium,,00000000-0000-0000-0000-000000000042,,True,2026-04-14 16:09:31.611388+00
ad1134d9-62b0-4313-a192-da07bd8bfd48,A hiring platform wants to estimate how long candidates take to complete mock tests under different speed conditions. How is time-speed-distance style reasoning useful in such product analytics?,descriptive,medium,00000000-0000-0000-0000-000000000005,00000000-0000-0000-0000-000000000028,00000000-0000-0000-0000-000000000028,True,2026-04-09 04:03:43.010464+00
af8fd9be-b9a4-42e6-9ca1-e18443c653da,Unsupervised learning is mainly used to:,mcq,easy,00000000-0000-0000-0000-000000000017,00000000-0000-0000-0000-000000000085,00000000-0000-0000-0000-000000000085,True,2026-04-09 04:06:49.999287+00
b02a4983-0c06-4b7a-a87f-f47ddfc57a3c,Which of the following is a common cyber threat?,mcq,easy,00000000-0000-0000-0000-000000000016,00000000-0000-0000-0000-000000000081,00000000-0000-0000-0000-000000000081,True,2026-04-09 04:06:36.666917+00
b058b507-0839-4077-8594-2cc67f769806,What is the best first step when using Machine Learning on a new problem?,descriptive,easy,,,,True,2026-04-14 16:11:56.36834+00
b05aa1d8-b81c-4add-abc9-29c95d645084,An item is bought for 200 and sold for 240. What is the profit percentage?,mcq,medium,00000000-0000-0000-0000-000000000005,00000000-0000-0000-0000-000000000027,00000000-0000-0000-0000-000000000027,True,2026-04-09 04:03:39.002981+00
b0a54390-34f4-4527-ba62-89521cb8c56b,Explain why security is not only a technical issue but also a user behavior issue.,descriptive,hard,00000000-0000-0000-0000-000000000016,00000000-0000-0000-0000-000000000082,00000000-0000-0000-0000-000000000082,True,2026-04-09 04:06:45.382987+00
b0ff98b9-f65a-4373-be58-0902f0724e46,What does it mean if a model has high bias?,descriptive,medium,,,,True,2026-04-14 10:56:10.832321+00
b2726bee-c42f-4fd7-a039-8f06641cd0ea,Why is atomicity important in a bank transfer transaction?,descriptive,medium,00000000-0000-0000-0000-000000000010,00000000-0000-0000-0000-000000000055,00000000-0000-0000-0000-000000000055,True,2026-04-09 04:05:01.903617+00
b2b75fa8-53a4-490d-8e93-01ebc191441e,What is the best practice for logging during model deployment?,descriptive,medium,,,,True,2026-04-14 16:11:26.562351+00
b34b8f62-a3bf-4f7e-b811-f8d76cfe685b,Which evidence most improves confidence in a ML Systems proposal?,descriptive,medium,,,,True,2026-04-14 16:10:19.81841+00
b3f32a0b-9142-4b9a-9fff-1dce40fa4c6a,What is cloud computing mainly about?,mcq,easy,00000000-0000-0000-0000-000000000015,00000000-0000-0000-0000-000000000074,00000000-0000-0000-0000-000000000074,True,2026-04-09 04:06:14.429194+00
b47f40c7-4b06-4350-8153-46afc448f9a1,Your app wants to explain why video calls and file downloads may use different transport preferences. What tradeoff should the explanation focus on?,descriptive,medium,00000000-0000-0000-0000-000000000012,00000000-0000-0000-0000-000000000062,00000000-0000-0000-0000-000000000062,True,2026-04-09 04:05:32.743237+00
b4c2e2cd-aa70-4fca-ac39-3cbc3b5f13ef,Ohm’s law is represented as:,mcq,easy,00000000-0000-0000-0000-000000000002,00000000-0000-0000-0000-000000000013,00000000-0000-0000-0000-000000000013,True,2026-04-09 04:01:04.096566+00
b5afdb66-7e02-434a-88df-edaa9093c4cc,What role does monitoring play in cloud resource management?,descriptive,medium,,,,True,2026-04-14 16:13:53.651392+00
b5c14efe-0a75-4be7-97f5-6fe01806badd,A learner understands arrays theoretically but fails to use them in coding tasks. What kind of question should your app ask next to test practical understanding?,descriptive,hard,00000000-0000-0000-0000-000000000008,00000000-0000-0000-0000-000000000041,00000000-0000-0000-0000-000000000041,True,2026-04-09 04:04:34.210909+00
b5d047cb-68c2-4bc6-befb-4709c5a9458e,Solve for x: 2x + 5 = 17,mcq,easy,00000000-0000-0000-0000-000000000001,00000000-0000-0000-0000-000000000001,00000000-0000-0000-0000-000000000001,True,2026-04-09 04:00:45.290821+00
b6641aff-060d-4877-ab35-2ec37f3e2f6f,Which of these is a distributed version control system?,descriptive,easy,,,,True,2026-04-16 10:32:43.624619+00
b7b2b210-bb6a-4c28-9b4a-63431f29d305,Which measure is often more robust than the mean when a dataset has extreme outliers?,mcq,medium,00000000-0000-0000-0000-000000000019,00000000-0000-0000-0000-000000000093,00000000-0000-0000-0000-000000000093,True,2026-04-09 04:01:35.570203+00
b8482452-3e2c-4420-ad01-f64ffb1d91cb,What is the difference between public cloud and private cloud in simple terms?,descriptive,easy,00000000-0000-0000-0000-000000000015,00000000-0000-0000-0000-000000000077,00000000-0000-0000-0000-000000000077,True,2026-04-09 04:06:17.253267+00
baba027e-95ef-4d8b-bc2e-99b9c0d5eb9b,You need to iterate over rows in a dataset and compute a derived value. Which Python control-flow concept is most directly involved?,descriptive,easy,,,,True,2026-04-13 06:49:53.880604+00
bb07bd7b-fbbd-4985-9d2c-f79e646e5400,A platform sends user assessment results over the network. Why should the app mention encryption even if login is already secure?,descriptive,easy,00000000-0000-0000-0000-000000000016,00000000-0000-0000-0000-000000000083,00000000-0000-0000-0000-000000000083,True,2026-04-09 04:02:28.172597+00
bb2a16d8-5bec-4a19-8275-d1e2b4b093aa,Compare a use case diagram and a class diagram in terms of what each communicates.,descriptive,hard,00000000-0000-0000-0000-000000000013,00000000-0000-0000-0000-000000000069,00000000-0000-0000-0000-000000000069,True,2026-04-09 04:05:48.234339+00
bc57b4bf-2d1a-41b7-83b6-c18a875d681f,How should Machine Learning decisions usually be validated before rollout?,descriptive,hard,,,,True,2026-04-14 16:11:57.81351+00
bc6dc56b-e3b6-4200-aada-e22e45e7e1d0,Your platform wants to infer hidden skills from user answers. Why should feature design matter before choosing a complex model?,descriptive,hard,00000000-0000-0000-0000-000000000017,00000000-0000-0000-0000-000000000087,00000000-0000-0000-0000-000000000087,True,2026-04-09 04:01:15.983772+00
bc958727-b01a-4309-8b77-5c40cb406413,Which planet is known as the Red Planet?,descriptive,easy,,,,True,2026-04-16 10:32:43.624619+00
bc995f24-298b-4ba4-8cd8-94d6fa33e6a6,Write one line that politely asks for an update on a submitted application.,descriptive,easy,00000000-0000-0000-0000-000000000004,00000000-0000-0000-0000-000000000025,00000000-0000-0000-0000-000000000025,True,2026-04-09 04:03:20.250728+00
bcb6689d-1d37-48ec-9bd6-a45877d5d845,"In Machine Learning, what is overfitting?",descriptive,medium,,,,True,2026-04-16 10:32:43.624619+00
bcb92b0a-3c9a-47d0-a495-c0e3caf62284,Which access pattern does a queue follow?,mcq,easy,00000000-0000-0000-0000-000000000008,00000000-0000-0000-0000-000000000044,00000000-0000-0000-0000-000000000044,True,2026-04-09 04:04:20.068477+00
bd501631-e82f-4345-b299-6a4ee1963322,What does a class represent in object-oriented programming?,mcq,easy,00000000-0000-0000-0000-000000000007,00000000-0000-0000-0000-000000000036,00000000-0000-0000-0000-000000000036,True,2026-04-09 04:04:07.074302+00
bd728581-ca40-40c5-9d40-e3465ea96d75,How does encapsulation support maintainability in large software systems?,descriptive,hard,00000000-0000-0000-0000-000000000007,00000000-0000-0000-0000-000000000037,00000000-0000-0000-0000-000000000037,True,2026-04-09 04:04:15.421127+00
bf4ec48e-715f-4ffc-8d67-aae4d40647f7,What is the integral of 2x with respect to x?,descriptive,hard,,,,True,2026-04-16 10:32:43.624619+00
bfab6bba-fa49-4d5d-a53c-16bd08443d62,Which word is closest in meaning to 'rapid'?,mcq,easy,00000000-0000-0000-0000-000000000004,00000000-0000-0000-0000-000000000023,00000000-0000-0000-0000-000000000023,True,2026-04-09 04:03:18.579723+00
bfbb429b-e2d9-4d27-b54e-23c2d0d6ce10,"A developer uses inheritance everywhere, even when classes do not share a true hierarchical relationship. What risk does this create, and what should the app teach instead?",descriptive,hard,00000000-0000-0000-0000-000000000007,00000000-0000-0000-0000-000000000038,00000000-0000-0000-0000-000000000038,True,2026-04-09 04:04:16.069551+00
bff37a49-c2c5-4d8e-9ef5-ae5d5835c7bb,What is the primary purpose of splitting a dataset into training and testing sets?,descriptive,easy,,,,True,2026-04-14 10:56:06.740151+00
c033df76-ec95-4d44-86d4-d42dd9c9368a,A user logs in successfully but can see admin-only pages. Which security concept should your app use to explain the problem?,descriptive,medium,00000000-0000-0000-0000-000000000016,00000000-0000-0000-0000-000000000080,00000000-0000-0000-0000-000000000080,True,2026-04-09 04:06:43.097378+00
c03797cb-6e31-48e0-af04-d14e70820952,What does REST stand for in web services?,descriptive,medium,,,,True,2026-04-16 10:32:43.624619+00
c0953fc0-2866-46ec-85e6-548d182d257e,"A system occasionally freezes when two services each wait on a resource held by the other. What operating systems concept should the app identify, and why?",descriptive,hard,00000000-0000-0000-0000-000000000011,00000000-0000-0000-0000-000000000059,00000000-0000-0000-0000-000000000059,True,2026-04-09 04:02:51.649174+00
c0e0a12f-71bb-4e86-b08d-2ad9f945cf29,What makes a Social Science implementation resilient after the first release?,descriptive,hard,,,,True,2026-04-16 14:25:24.993233+00
c24b0a24-77c0-48e8-8e3a-da4aa2b90edd,"Scenario in Mathematics: Given a need related to Calculus - Limits, what is the most appropriate next step?",descriptive,easy,00000000-0000-0000-0000-000000000001,00000000-0000-0000-0000-000000000005,00000000-0000-0000-0000-000000000005,True,2026-04-16 09:35:35.979005+00
c267ae80-03ab-43ec-99aa-0dd38b4f78c9,Why should a model be evaluated on data beyond the examples it learned from?,descriptive,medium,00000000-0000-0000-0000-000000000017,00000000-0000-0000-0000-000000000086,00000000-0000-0000-0000-000000000086,True,2026-04-09 04:06:56.09495+00
c29343b9-16a5-4480-8674-d7c5bc19cda0,Give one real-world example of an intelligent agent and explain why it fits the idea.,descriptive,medium,00000000-0000-0000-0000-000000000018,00000000-0000-0000-0000-000000000088,00000000-0000-0000-0000-000000000088,True,2026-04-09 04:01:24.933177+00
c29683b8-6a46-418e-aa41-8374a68bab6d,A hiring support model performs well overall but often fails on one important user group. Why is simple accuracy not enough as the only metric to trust?,descriptive,hard,00000000-0000-0000-0000-000000000017,00000000-0000-0000-0000-000000000086,00000000-0000-0000-0000-000000000086,True,2026-04-09 04:01:15.275848+00
c2da3428-12ad-4c52-b4d0-db3f0450e059,What is a deadlock in simple terms?,descriptive,easy,00000000-0000-0000-0000-000000000011,00000000-0000-0000-0000-000000000059,00000000-0000-0000-0000-000000000059,True,2026-04-09 04:05:10.858846+00
c2e48fdf-7838-4341-bc38-6f90d046382b,Which stack operation returns the top element without removing it in many common implementations?,mcq,medium,00000000-0000-0000-0000-000000000008,00000000-0000-0000-0000-000000000043,00000000-0000-0000-0000-000000000043,True,2026-04-09 04:02:48.831002+00
c33befcc-5f5e-4585-ba19-6ba848566752,"Explain why writing pseudocode can improve communication in team problem-solving, not just individual coding.",descriptive,hard,00000000-0000-0000-0000-000000000006,00000000-0000-0000-0000-000000000035,00000000-0000-0000-0000-000000000035,True,2026-04-09 04:02:04.9604+00
c41894b5-5c50-4127-834a-f872adac7b64,Which SQL command is used to retrieve data from a table?,mcq,easy,00000000-0000-0000-0000-000000000010,00000000-0000-0000-0000-000000000052,00000000-0000-0000-0000-000000000052,True,2026-04-09 04:04:49.438143+00
c41a4bae-37d3-4d8f-8096-24dcc98fd88c,Which action best protects long-term quality in Machine Learning work?,descriptive,medium,,,,True,2026-04-14 16:12:01.570936+00
c48eca0c-d0c8-46e7-83bc-39995af03f5d,What is the primary purpose of a Continuous Integration/Continuous Deployment (CI/CD) pipeline in machine learning?,descriptive,medium,,,,True,2026-04-14 16:11:14.846767+00
c4e1c42e-bafd-47b5-8b94-e53c296b6c52,"You are tasked with improving the performance of a machine learning model that predicts customer churn. After analyzing the current features, you notice that the model is underperforming despite using a complex algorithm. What steps would you take to enhance the feature set?",descriptive,hard,,,,True,2026-04-14 16:12:03.814903+00
c4ee2346-6417-4811-88cb-0e91a373b4fa,What does a confusion matrix help you analyze?,descriptive,medium,,,,True,2026-04-14 10:56:08.231358+00
c52a283d-5b1c-4c8b-ab36-162af2c91dab,Which signal most strongly indicates that Data Structures - Linked Lists work is incomplete?,descriptive,easy,,00000000-0000-0000-0000-000000000042,,True,2026-04-14 16:09:19.410157+00
c5ee8ae5-09c5-4bbc-b000-3000a021f428,What is normalization in databases in simple terms?,descriptive,easy,00000000-0000-0000-0000-000000000010,00000000-0000-0000-0000-000000000054,00000000-0000-0000-0000-000000000054,True,2026-04-09 04:04:51.513716+00
c72b6f10-5b8e-4cc8-936b-1bc395a6c1d5,Why are containers popular in deployment workflows?,mcq,medium,00000000-0000-0000-0000-000000000020,00000000-0000-0000-0000-000000000098,00000000-0000-0000-0000-000000000098,True,2026-04-09 04:01:56.434836+00
c8b9223d-075e-4f2e-be84-6582b2dd7606,Correct this sentence and explain the error: 'Neither the manager nor the employees was informed properly.',descriptive,hard,00000000-0000-0000-0000-000000000004,00000000-0000-0000-0000-000000000022,00000000-0000-0000-0000-000000000022,True,2026-04-09 04:03:30.789515+00
ca7c7999-215a-45af-b5b5-ff4f28d60df6,Your app predicts which learners may need intervention based on past assessment outcomes. Why is label quality important here?,descriptive,medium,00000000-0000-0000-0000-000000000017,00000000-0000-0000-0000-000000000084,00000000-0000-0000-0000-000000000084,True,2026-04-09 04:06:56.836345+00
cb01a36a-1b3c-4f8a-86e7-125c1738f436,What is the key idea behind virtual memory?,mcq,hard,00000000-0000-0000-0000-000000000011,00000000-0000-0000-0000-000000000058,00000000-0000-0000-0000-000000000058,True,2026-04-09 04:05:17.259047+00
cb672c07-02a4-4b99-ab64-15c3cc590722,Explain what array indexing means and why off-by-one mistakes are common.,descriptive,medium,00000000-0000-0000-0000-000000000006,00000000-0000-0000-0000-000000000034,00000000-0000-0000-0000-000000000034,True,2026-04-09 04:04:02.302536+00
ccd174e5-df2e-4b1c-b635-a442b3ede748,"A shopkeeper marks an item at 500 and gives a 10% discount. If the cost price was 400, what is the profit?",mcq,hard,00000000-0000-0000-0000-000000000005,00000000-0000-0000-0000-000000000027,00000000-0000-0000-0000-000000000027,True,2026-04-09 04:03:43.674544+00
ccd71676-c863-4298-8e12-14cad9e0ef44,Solve: 2(x + 4) = 14,descriptive,medium,,,,True,2026-04-16 10:32:43.624619+00
cd0c67ca-2c9d-4521-a7a3-7c8bf38657f4,A learner can define phishing but still clicks suspicious links in simulations. What should the app change to build practical security skill?,descriptive,hard,00000000-0000-0000-0000-000000000016,00000000-0000-0000-0000-000000000081,00000000-0000-0000-0000-000000000081,True,2026-04-09 04:06:47.441935+00
cd87800e-88f4-4445-837b-a0faec644170,JavaScript in the browser is often used to:,mcq,easy,00000000-0000-0000-0000-000000000014,00000000-0000-0000-0000-000000000073,00000000-0000-0000-0000-000000000073,True,2026-04-09 04:05:52.594469+00
ce18f5c3-d41e-4cc4-a260-b4f27e016c07,"Your RAG system stores user responses, role mappings, and feedback. Why should confidentiality and integrity both matter in its database design?",descriptive,hard,00000000-0000-0000-0000-000000000016,00000000-0000-0000-0000-000000000079,00000000-0000-0000-0000-000000000079,True,2026-04-09 04:06:48.202485+00
ce497025-2422-44b4-8c95-d6af1ac990a9,"Write a structured case-study response showing how you would apply Machine Learning to diagnose a failing project, prioritize action, and explain the tradeoffs.",descriptive,hard,,,,True,2026-04-14 17:31:31.916592+00
ceea82ac-0857-4cbd-b779-dc6e1079d9ae,Which sorting technique repeatedly swaps adjacent elements if they are in the wrong order?,mcq,easy,00000000-0000-0000-0000-000000000009,00000000-0000-0000-0000-000000000048,00000000-0000-0000-0000-000000000048,True,2026-04-09 04:04:36.615771+00
cef76e4c-387f-4264-9f99-53b37f3e361e,Which evidence most improves confidence in a Python Fundamentals for ML proposal?,descriptive,medium,,,,True,2026-04-14 09:17:40.665871+00
d00056b3-1436-4d06-8568-7c71f0d3a55d,When should a Data Structures - Linked Lists plan be reconsidered instead of pushed through?,descriptive,hard,,00000000-0000-0000-0000-000000000042,,True,2026-04-14 16:09:24.872048+00
d044a812-19e8-426d-8fa9-26ba4751a05b,Your platform simulates multiple jobs competing for processing time. What learning outcome should a CPU scheduling scenario emphasize?,descriptive,medium,00000000-0000-0000-0000-000000000011,00000000-0000-0000-0000-000000000057,00000000-0000-0000-0000-000000000057,True,2026-04-09 04:05:15.964151+00
d06ecd4e-2728-42e4-89a1-9da49532448e,"Your platform recommends chemistry topics based on learner weakness. If a student keeps missing periodic trend questions, what concepts should the remediation module reinforce first?",descriptive,hard,00000000-0000-0000-0000-000000000003,00000000-0000-0000-0000-000000000019,00000000-0000-0000-0000-000000000019,True,2026-04-09 04:03:13.648797+00
d09a5ea9-7378-4dd7-bf09-4e42fef6d9c4,Why is using div for every element considered weaker than using semantic tags where appropriate?,mcq,hard,00000000-0000-0000-0000-000000000014,00000000-0000-0000-0000-000000000071,00000000-0000-0000-0000-000000000071,True,2026-04-09 04:06:09.528963+00
d13f6acd-eaa9-4730-a6e0-4c94a7ccc8b0,Differentiate between protecting data at rest and protecting data in transit.,descriptive,hard,00000000-0000-0000-0000-000000000016,00000000-0000-0000-0000-000000000083,00000000-0000-0000-0000-000000000083,True,2026-04-09 04:06:46.037021+00
d164e4fb-de00-4926-aef8-e3dd622cd449,A learner thinks the cloud is just 'someone else’s computer.' How should the app improve that explanation?,descriptive,easy,00000000-0000-0000-0000-000000000015,00000000-0000-0000-0000-000000000074,00000000-0000-0000-0000-000000000074,True,2026-04-09 04:06:18.669658+00
d1b25972-c0a7-4fd1-90de-febf7742c278,Which output proves that Social Science decisions are measurable?,descriptive,easy,,,,True,2026-04-16 14:25:29.470127+00
d2043d8d-4bfd-4754-a8c7-314e63672cd7,Why are directories useful in file systems?,descriptive,medium,00000000-0000-0000-0000-000000000011,00000000-0000-0000-0000-000000000060,00000000-0000-0000-0000-000000000060,True,2026-04-09 04:05:15.272338+00
d2470a2a-17c0-4549-ab13-7bf4fae439f8,What is a common limitation of arrays compared to linked lists?,mcq,medium,00000000-0000-0000-0000-000000000008,00000000-0000-0000-0000-000000000041,00000000-0000-0000-0000-000000000041,True,2026-04-09 04:04:21.817927+00
d2bdb12a-5215-4271-980c-12de1721aed1,Which concept determines what an authenticated user is allowed to do?,mcq,medium,00000000-0000-0000-0000-000000000016,00000000-0000-0000-0000-000000000080,00000000-0000-0000-0000-000000000080,True,2026-04-09 04:06:39.765325+00
d366804f-5187-4f98-b170-cac7f5e2e07b,Which architecture powers chat models like ChatGPT?,descriptive,medium,,,,True,2026-04-16 10:32:43.624619+00
d4297da5-da83-4e49-b2df-b2b43fba66fb,Which construct is best when you want code to repeat until a condition becomes false?,mcq,medium,00000000-0000-0000-0000-000000000006,00000000-0000-0000-0000-000000000032,00000000-0000-0000-0000-000000000032,True,2026-04-09 04:02:21.150156+00
d47ecb93-4ac6-4ad0-80d8-fae06559be93,Why is event-driven thinking important in frontend development?,descriptive,hard,00000000-0000-0000-0000-000000000014,00000000-0000-0000-0000-000000000073,00000000-0000-0000-0000-000000000073,True,2026-04-09 04:06:11.338253+00
d48c556e-624a-4a39-81fb-0704fc4e29e1,What does CSS stand for?,descriptive,easy,,,,True,2026-04-16 10:32:43.624619+00
d4bbe301-57ff-4309-8b23-618d89487cab,Your app is teaching beginners how to find a number in a small unsorted list. Why is linear search a good starting algorithm?,descriptive,easy,00000000-0000-0000-0000-000000000009,00000000-0000-0000-0000-000000000046,00000000-0000-0000-0000-000000000046,True,2026-04-09 04:04:38.813107+00
d52825df-daa7-4581-8caa-2d9c61adf432,Why can storing repeated data in many rows create problems in a database?,descriptive,medium,00000000-0000-0000-0000-000000000010,00000000-0000-0000-0000-000000000054,00000000-0000-0000-0000-000000000054,True,2026-04-09 04:04:55.487936+00
d63fe2c8-92f5-4ef1-bd0f-b72c74a05e82,How should ML Systems decisions usually be validated before rollout?,descriptive,hard,,,,True,2026-04-14 16:10:18.436477+00
d66fff47-7841-4c0a-8aa1-b54190b2c242,How would you handle a sudden increase in traffic to a cloud-based application?,descriptive,hard,,,,True,2026-04-14 16:13:51.147398+00
d67002ed-3052-4a0d-af1a-a946488af2ae,Why is a base case necessary in recursion?,descriptive,medium,00000000-0000-0000-0000-000000000009,00000000-0000-0000-0000-000000000049,00000000-0000-0000-0000-000000000049,True,2026-04-09 04:04:41.792781+00
d671b2d6-56c7-4fa1-b58a-b8bec4c7cc2b,What does strong ownership look like when leading Machine Learning execution?,descriptive,hard,,,,True,2026-04-14 16:12:02.325225+00
d678b360-36bf-446c-8e06-afa083015110,Which of the following is a common approach to validate a model's performance?,descriptive,medium,,,,True,2026-04-14 10:56:14.15448+00
d68489cb-1d47-49a9-860e-b308cebb7a80,Why can deadlocks be difficult to debug in real systems?,descriptive,medium,00000000-0000-0000-0000-000000000011,00000000-0000-0000-0000-000000000059,00000000-0000-0000-0000-000000000059,True,2026-04-09 04:05:14.615703+00
d7142fb2-17da-4831-83a9-21b5ef780030,You want the RAG system to retrieve questions about performance trends quickly. Why is chart-type and trend-related metadata useful in the database?,descriptive,hard,00000000-0000-0000-0000-000000000019,00000000-0000-0000-0000-000000000095,00000000-0000-0000-0000-000000000095,True,2026-04-09 04:01:50.044331+00
d78b6543-92ec-494c-a870-d006be10b719,Which action best protects long-term quality in ML Systems work?,descriptive,medium,,,,True,2026-04-14 16:10:22.123585+00
d7a26958-8317-44e2-91cb-c122272cfd91,Which action best protects long-term quality in Social Science work?,descriptive,medium,,,,True,2026-04-16 14:25:28.04089+00
d7c0dc1b-984d-47ad-80b5-5e59a97fe099,You are developing a feature that requires merging two sorted linked lists into one sorted linked list. What is the most efficient way to achieve this?,descriptive,medium,,00000000-0000-0000-0000-000000000042,,True,2026-04-14 16:09:29.262701+00
d81afcd6-12d8-4e81-a041-6a4978cad453,Why does a passenger move forward when a moving bus stops suddenly?,descriptive,medium,00000000-0000-0000-0000-000000000002,00000000-0000-0000-0000-000000000010,00000000-0000-0000-0000-000000000010,True,2026-04-09 04:01:09.112492+00
d84874a8-fbb8-488d-9062-b0e3aa834e0f,A team expects clustering to automatically produce meaningful business categories every time. How should the app challenge this expectation?,descriptive,hard,00000000-0000-0000-0000-000000000017,00000000-0000-0000-0000-000000000085,00000000-0000-0000-0000-000000000085,True,2026-04-09 04:01:16.750131+00
d9026c4e-ff9e-4500-aad9-712d83a9d24d,What considerations should be made when migrating an on-premises application to the cloud?,descriptive,medium,,,,True,2026-04-14 16:13:51.942377+00
d94c2d48-3eae-41f6-8c26-428c20dff740,Which HTML element is most appropriate for a top-level page title?,mcq,medium,00000000-0000-0000-0000-000000000014,00000000-0000-0000-0000-000000000071,00000000-0000-0000-0000-000000000071,True,2026-04-09 04:06:04.807601+00
d965d65c-7a82-4ede-8a2d-37a4d54e4edd,Which signal most strongly indicates that Cloud Computing work is incomplete?,descriptive,easy,,,,True,2026-04-14 16:13:41.500728+00
d9db74c6-5b66-41ef-9af2-2b8f8c4fea65,Your platform wants to assess whether users can model real systems as objects. What kind of project prompt would best test this skill?,descriptive,hard,00000000-0000-0000-0000-000000000007,00000000-0000-0000-0000-000000000036,00000000-0000-0000-0000-000000000036,True,2026-04-09 04:04:16.757214+00
da2b41f4-45d7-4cdf-9070-751d8c4e349d,A candidate in a petrochemical training program must distinguish saturated and unsaturated hydrocarbons quickly. How should a situational question test real understanding rather than memorization?,descriptive,hard,00000000-0000-0000-0000-000000000003,00000000-0000-0000-0000-000000000018,00000000-0000-0000-0000-000000000018,True,2026-04-09 04:03:14.33849+00
db5198a9-08f7-4be5-ae76-9e6087ba7369,"What is the slope of the line passing through (2,3) and (6,11)?",mcq,medium,00000000-0000-0000-0000-000000000001,00000000-0000-0000-0000-000000000004,00000000-0000-0000-0000-000000000004,True,2026-04-09 04:00:52.59892+00
db8e3b65-522b-4f80-ad0c-2ac638260f74,What does reasoning in AI mainly involve?,mcq,easy,00000000-0000-0000-0000-000000000018,00000000-0000-0000-0000-000000000090,00000000-0000-0000-0000-000000000090,True,2026-04-09 04:01:19.396815+00
dbf730bb-7824-46ba-b686-141a8b5d7355,What is the main advantage of using serverless architecture for deploying machine learning models?,descriptive,hard,,,,True,2026-04-14 16:11:22.706992+00
dc3b9714-ffbd-48a9-a280-354a746e15d9,What is the value of Pi to 2 decimal places?,descriptive,easy,,,,True,2026-04-16 10:32:43.624619+00
dc4971bc-8815-433d-b64f-c5176794aff3,You are implementing a stack using a linked list. What considerations should you keep in mind?,descriptive,easy,,00000000-0000-0000-0000-000000000042,,True,2026-04-14 16:09:29.986909+00
dc725bc5-0c08-47bd-8a04-9c92e60c6809,What is the chemical symbol for Gold?,descriptive,easy,,,,True,2026-04-16 10:32:43.624619+00
dcb69384-76cf-43b2-b3c5-4b2d3262807c,Why is it essential to monitor model performance after deployment?,descriptive,hard,,,,True,2026-04-14 16:10:31.107439+00
dd50e66c-7769-4e87-ba35-5611b7f839ad,Binary search works efficiently only when the data is:,mcq,easy,00000000-0000-0000-0000-000000000009,00000000-0000-0000-0000-000000000047,00000000-0000-0000-0000-000000000047,True,2026-04-09 04:04:35.737591+00
dd887086-1cbc-47e7-93c9-555f5d49134c,Why does atomic radius generally decrease across a period?,descriptive,medium,00000000-0000-0000-0000-000000000003,00000000-0000-0000-0000-000000000019,00000000-0000-0000-0000-000000000019,True,2026-04-09 04:03:10.153801+00
ddc80fe1-0348-41aa-82e0-f0dd248bc1b7,Why can inconsistent formatting in a dataset create analysis problems?,descriptive,medium,00000000-0000-0000-0000-000000000019,00000000-0000-0000-0000-000000000092,00000000-0000-0000-0000-000000000092,True,2026-04-09 04:01:37.553259+00
dee11239-7ce5-4e57-b4f5-5410585a9563,When should a Python Fundamentals for ML plan be reconsidered instead of pushed through?,descriptive,hard,,,,True,2026-04-14 09:17:42.20948+00
df1fa530-7546-4c48-8183-f2b9fe00cce5,A user reports a bug that developers never saw during coding. What software engineering lesson should be reinforced?,descriptive,easy,00000000-0000-0000-0000-000000000013,00000000-0000-0000-0000-000000000068,00000000-0000-0000-0000-000000000068,True,2026-04-09 04:02:26.292897+00
df3c6411-bded-4037-9627-ced7e1f5939b,What is the role of feature scaling in machine learning?,descriptive,medium,,,,True,2026-04-14 10:56:12.761951+00
df9bb0f8-8e5d-4556-82a7-687b7bad5cd0,Why does continuous integration help teams catch problems earlier?,descriptive,medium,00000000-0000-0000-0000-000000000020,00000000-0000-0000-0000-000000000096,00000000-0000-0000-0000-000000000096,True,2026-04-09 04:02:31.034099+00
dfb99bb2-2008-4da4-8827-b6c8216bd1f0,What does strong ownership look like when leading Data Structures - Linked Lists execution?,descriptive,hard,,00000000-0000-0000-0000-000000000042,,True,2026-04-14 16:09:26.294422+00
e1c4b9d6-4ba7-4de3-945e-04848fbf55a3,How should Cloud Computing decisions usually be validated before rollout?,descriptive,hard,,,,True,2026-04-14 16:13:43.655275+00
e1c96b99-1727-41b6-b3eb-2da03288c99a,What is the SI unit of velocity?,mcq,easy,00000000-0000-0000-0000-000000000002,00000000-0000-0000-0000-000000000009,00000000-0000-0000-0000-000000000009,True,2026-04-09 04:01:02.242617+00
e2576f3d-caf3-41f5-9a05-d750c154fc58,Why can insertion at the beginning of a linked list be more efficient than in an array?,descriptive,medium,00000000-0000-0000-0000-000000000008,00000000-0000-0000-0000-000000000042,00000000-0000-0000-0000-000000000042,True,2026-04-09 04:04:22.839412+00
e2c4c059-450a-4f40-9556-6f2d12a8d01c,Which of the following is true about selection sort?,mcq,medium,00000000-0000-0000-0000-000000000009,00000000-0000-0000-0000-000000000048,00000000-0000-0000-0000-000000000048,True,2026-04-09 04:04:40.758169+00
e2e8418e-aec5-48e5-af98-1fdeed042fd7,What is the number of moles in 88 g of carbon dioxide (CO2)?,mcq,hard,00000000-0000-0000-0000-000000000003,00000000-0000-0000-0000-000000000020,00000000-0000-0000-0000-000000000020,True,2026-04-09 04:03:12.081533+00
e316de49-4272-4671-bb31-3cdae65024fb,What is the powerhouse of the cell?,descriptive,easy,,,,True,2026-04-16 10:32:43.624619+00
e328e6ff-8f36-451f-832c-b663d7a03b0d,When should a ML Systems plan be reconsidered instead of pushed through?,descriptive,hard,,,,True,2026-04-14 16:10:21.218736+00
e37b6f2c-42f6-411f-a75d-e1740e83fcf1,A student asks why greedy methods are not always correct for every problem. What should the app say?,descriptive,easy,00000000-0000-0000-0000-000000000009,00000000-0000-0000-0000-000000000050,00000000-0000-0000-0000-000000000050,True,2026-04-09 04:02:34.041924+00
e382806d-e427-411c-8061-c4de3fd5e963,What best describes strong Machine Learning practice in a production setting?,descriptive,medium,,,,True,2026-04-14 16:11:54.939358+00
e3d402b0-92cb-40a8-8582-2a157d66cd19,Which clause is used to filter rows in SQL?,mcq,medium,00000000-0000-0000-0000-000000000010,00000000-0000-0000-0000-000000000052,00000000-0000-0000-0000-000000000052,True,2026-04-09 04:04:53.61942+00
e3ea0cba-e16e-4d68-92c0-7544a34551f7,Why does a singly linked list not support direct random access like an array?,descriptive,hard,00000000-0000-0000-0000-000000000008,00000000-0000-0000-0000-000000000042,00000000-0000-0000-0000-000000000042,True,2026-04-09 04:04:31.301762+00
e480fe4e-ff01-4195-9e0c-879953b09993,Explain why a pencil partially dipped in water appears bent.,descriptive,medium,00000000-0000-0000-0000-000000000002,00000000-0000-0000-0000-000000000014,00000000-0000-0000-0000-000000000014,True,2026-04-09 04:01:09.836794+00
e5136f2a-410b-4282-883f-9b8019964901,How does encryption help when data is intercepted during transmission?,descriptive,medium,00000000-0000-0000-0000-000000000016,00000000-0000-0000-0000-000000000083,00000000-0000-0000-0000-000000000083,True,2026-04-09 04:06:42.415363+00
e6071807-806a-440f-bedc-4b78fa6bce9c,What is the goal of software testing?,mcq,easy,00000000-0000-0000-0000-000000000013,00000000-0000-0000-0000-000000000068,00000000-0000-0000-0000-000000000068,True,2026-04-09 04:05:39.603459+00
e63a8a8a-ebf7-4268-8060-7fea7383c772,Which practice helps teams detect issues in production quickly?,mcq,hard,00000000-0000-0000-0000-000000000020,00000000-0000-0000-0000-000000000099,00000000-0000-0000-0000-000000000099,True,2026-04-09 04:02:00.018664+00
e64c7dda-9ef4-4fa3-be71-17240a1ebffe,What problem does normalization most directly try to reduce?,mcq,medium,00000000-0000-0000-0000-000000000010,00000000-0000-0000-0000-000000000054,00000000-0000-0000-0000-000000000054,True,2026-04-09 04:02:50.623762+00
e6bf9d34-701d-4ff9-9dc0-18b2fe05f2a8,Which statement best describes an object?,mcq,medium,00000000-0000-0000-0000-000000000007,00000000-0000-0000-0000-000000000036,00000000-0000-0000-0000-000000000036,True,2026-04-09 04:04:11.042161+00
e6d15af0-425b-4b9a-9f0d-e2560de21293,What is the main goal of normalization?,mcq,hard,00000000-0000-0000-0000-000000000010,00000000-0000-0000-0000-000000000054,00000000-0000-0000-0000-000000000054,True,2026-04-09 04:05:03.987929+00
e6d84b0c-c5ac-4901-b347-5455365addf5,What does it mean when CSS is used to separate presentation from content?,descriptive,easy,00000000-0000-0000-0000-000000000014,00000000-0000-0000-0000-000000000072,00000000-0000-0000-0000-000000000072,True,2026-04-09 04:05:54.356822+00
e736a019-e8fd-40f3-984d-ae4809248005,Which CSS property commonly changes text color?,mcq,easy,00000000-0000-0000-0000-000000000014,00000000-0000-0000-0000-000000000072,00000000-0000-0000-0000-000000000072,True,2026-04-09 04:02:16.224572+00
e79781a2-3f60-45c8-a050-754027e35a3f,What does CI/CD stand for?,descriptive,medium,,,,True,2026-04-16 10:32:43.624619+00
e79e39da-5c5f-4cab-800a-1949bc63d48e,Why can slow feedback between development and operations hurt delivery quality?,descriptive,medium,00000000-0000-0000-0000-000000000020,00000000-0000-0000-0000-000000000100,00000000-0000-0000-0000-000000000100,True,2026-04-09 04:01:58.064523+00
e86c2af8-4217-49f3-b7c7-b93968a15ce1,Choose the correct spelling:,descriptive,easy,,,,True,2026-04-16 10:32:43.624619+00
e95e3ed5-db03-468f-ab26-5d0b61c77235,"During a model evaluation phase, you discover that your model performs well on the training set but poorly on the validation set. What could be the underlying issue, and how would you address it?",descriptive,medium,,,,True,2026-04-14 16:12:04.507917+00
ea44cd58-26b3-4259-bdaa-d8562fe14506,"If an item costs 100 and is sold for 120, what is the profit?",mcq,easy,00000000-0000-0000-0000-000000000005,00000000-0000-0000-0000-000000000027,00000000-0000-0000-0000-000000000027,True,2026-04-09 04:03:34.380548+00
eabbd45a-655e-4057-bcfb-1eb24810bb0d,Which of the following is a tradeoff to consider when deploying a machine learning model?,descriptive,hard,,,,True,2026-04-14 10:56:08.894339+00
eaee43a5-5387-45a7-aa5e-47bf40b67581,Why is availability important in cloud systems?,descriptive,easy,00000000-0000-0000-0000-000000000015,00000000-0000-0000-0000-000000000078,00000000-0000-0000-0000-000000000078,True,2026-04-09 04:06:17.953193+00
eb2e314e-726b-4a50-bedb-44533d99e0dd,Which action best protects long-term quality in Cloud Computing work?,descriptive,medium,,,,True,2026-04-14 16:13:47.568795+00
eb5eec65-9fc3-49c9-b5b6-dec0d7f5f293,How would you handle a failed model deployment in production?,descriptive,medium,,,,True,2026-04-14 16:11:24.187214+00
eb78d80d-d01d-4c10-bdb6-9c69443be320,Explain in one line what percentage means.,descriptive,easy,00000000-0000-0000-0000-000000000005,00000000-0000-0000-0000-000000000026,00000000-0000-0000-0000-000000000026,True,2026-04-09 04:03:38.358311+00
ebc16fbf-ac96-45fe-a782-ce40bd45b4f5,What factors should you consider before deploying a machine learning model?,descriptive,hard,,,,True,2026-04-14 10:56:17.729713+00
ec75c1ed-b853-4ace-9a9e-230d89995e0c,When should a Machine Learning plan be reconsidered instead of pushed through?,descriptive,hard,,,,True,2026-04-14 16:12:00.689603+00
ed066887-9845-4c02-b723-1b1f95220843,What strategies would you use to ensure data security in a cloud environment?,descriptive,medium,,,,True,2026-04-14 16:13:50.453647+00
ed0bde89-f75a-4965-b709-5e10af5c1dc9,Differentiate between DNS and HTTP in terms of their purpose in web access.,descriptive,hard,00000000-0000-0000-0000-000000000012,00000000-0000-0000-0000-000000000065,00000000-0000-0000-0000-000000000065,True,2026-04-09 04:05:35.007235+00
ed399de4-baad-4510-ad37-b88953c3f9c4,What is the clearest warning sign that Data Structures - Linked Lists scope is too broad?,descriptive,medium,,00000000-0000-0000-0000-000000000042,,True,2026-04-14 16:09:24.057348+00
ed977a2a-fdbe-4f05-89d0-c2339db03647,Which utility-first CSS framework became very popular in the 2020s?,descriptive,easy,,,,True,2026-04-16 10:32:43.624619+00
ed98fdae-8550-4ce6-8ee8-fe449029af2a,You are tasked with implementing a playlist manager for a music application. How would you use a linked list to manage the songs in the playlist?,descriptive,medium,,00000000-0000-0000-0000-000000000042,,True,2026-04-14 16:09:27.744968+00
ee364329-73e9-4e05-8263-74b29590602d,What is the derivative of x² + 3x?,descriptive,medium,,,,True,2026-04-16 10:32:43.624619+00
ee4df761-753c-4323-8cde-3f27e6995c5f,Which action best protects long-term quality in Artificial Intelligence work?,descriptive,medium,,,,True,2026-04-14 16:12:58.003566+00
eeea3301-f591-48fb-9ed4-e9f200cabd9e,What is a state in an AI search problem?,mcq,medium,00000000-0000-0000-0000-000000000018,00000000-0000-0000-0000-000000000089,00000000-0000-0000-0000-000000000089,True,2026-04-09 04:01:22.511358+00
eef4ba82-cbf2-482f-ba90-e3d9bbe42fc9,Which type of bond involves transfer of electrons?,mcq,easy,00000000-0000-0000-0000-000000000003,00000000-0000-0000-0000-000000000017,00000000-0000-0000-0000-000000000017,True,2026-04-09 04:03:03.816854+00
ef9c3b3b-9d31-4763-b5db-90aa8c80a761,What is the difference between routing and switching at a beginner level?,descriptive,medium,00000000-0000-0000-0000-000000000012,00000000-0000-0000-0000-000000000064,00000000-0000-0000-0000-000000000064,True,2026-04-09 04:05:31.419493+00
effd6e38-cffd-4fc3-ba70-a8682cb0494e,What is supervised learning mainly based on?,mcq,easy,00000000-0000-0000-0000-000000000017,00000000-0000-0000-0000-000000000084,00000000-0000-0000-0000-000000000084,True,2026-04-09 04:06:48.972848+00
f009b3b2-5dd8-4604-9214-86d1d3dff49c,What steps would you take to ensure a smooth deployment of a new model?,descriptive,hard,,,,True,2026-04-14 16:11:25.054738+00
f03022a3-1cb0-4a60-8ff7-96cb96022d89,Why is semantic HTML useful beyond just making the page look organized?,descriptive,medium,00000000-0000-0000-0000-000000000014,00000000-0000-0000-0000-000000000071,00000000-0000-0000-0000-000000000071,True,2026-04-09 04:06:07.405736+00
f1502eec-4bc6-4785-9f89-b2d1bb32d295,Your app recommends skills to thousands of concurrent users after a marketing campaign. Why is elasticity more useful than provisioning for peak load all the time?,descriptive,hard,00000000-0000-0000-0000-000000000015,00000000-0000-0000-0000-000000000076,00000000-0000-0000-0000-000000000076,True,2026-04-09 04:06:26.771094+00
f17d45fe-c7e6-4a96-9d7b-0205fc61b50e,Which output proves that Python Fundamentals for ML decisions are measurable?,descriptive,easy,,,,True,2026-04-14 09:17:44.510698+00
f27ef2cb-81fe-47b6-b7b8-d1c0e81471c5,"In Big O Notation, what is optimal for a search algorithm in an enormous sorted array?",descriptive,hard,,,,True,2026-04-16 10:32:43.625619+00
f2a01376-1a37-49ef-a71d-3338e95b0021,"In JavaScript, how do you correctly declare a constant variable?",descriptive,medium,,,,True,2026-04-16 10:32:43.624619+00
f2bfaa83-2e79-4c7d-9181-d6582a91ef5d,You are tasked with deploying a machine learning model in a production environment. What factors should you consider to ensure the model remains effective over time?,descriptive,medium,,,,True,2026-04-14 16:12:07.488197+00
f35fdeaf-240a-4b1c-941a-d879ae098b9b,You are developing a recommendation system and need to decide on the features to include. What considerations should guide your feature selection process?,descriptive,hard,,,,True,2026-04-14 16:12:05.259267+00
f3785d03-6000-46b3-8e5c-8437e7507e39,Which description best fits an intelligent agent?,mcq,medium,00000000-0000-0000-0000-000000000018,00000000-0000-0000-0000-000000000088,00000000-0000-0000-0000-000000000088,True,2026-04-09 04:02:45.108724+00
f46fb5d1-842e-420c-88e2-778323d21dad,Paging is mainly used for:,mcq,easy,00000000-0000-0000-0000-000000000011,00000000-0000-0000-0000-000000000058,00000000-0000-0000-0000-000000000058,True,2026-04-09 04:05:09.8576+00
f4ae7472-70c8-4a99-807a-ae7d7c50686d,A team wants to use AI reasoning to infer hidden skills from written answers. What caution should your app surface before over-trusting the output?,descriptive,hard,00000000-0000-0000-0000-000000000018,00000000-0000-0000-0000-000000000090,00000000-0000-0000-0000-000000000090,True,2026-04-09 04:01:30.268358+00
f5e6db71-4579-40bd-8eb3-4921cd2fdf8b,Your platform wants to group similar learners based on behavior without predefined categories. Which ML idea should be introduced first?,descriptive,easy,00000000-0000-0000-0000-000000000017,00000000-0000-0000-0000-000000000085,00000000-0000-0000-0000-000000000085,True,2026-04-09 04:06:53.109778+00
f6346454-ec9e-4d6f-adfe-0428b9068a4c,Select the correct punctuation: 'Its a beautiful day.',descriptive,easy,,,,True,2026-04-16 10:32:43.624619+00
f658bdfe-e12b-4ba2-8f42-5b1d24d03468,What is the first comparison point in a standard binary search?,mcq,medium,00000000-0000-0000-0000-000000000009,00000000-0000-0000-0000-000000000047,00000000-0000-0000-0000-000000000047,True,2026-04-09 04:04:39.649492+00
f66d06f4-d0df-41d6-af96-b87f8a22d1b5,Why can a triangle not have interior angles adding up to 200 degrees?,descriptive,easy,00000000-0000-0000-0000-000000000001,00000000-0000-0000-0000-000000000003,00000000-0000-0000-0000-000000000003,True,2026-04-09 04:01:00.363537+00
f6b55c6d-d833-4aef-a7e9-9f0322d6465d,Which pair is most likely to form an ionic bond?,mcq,medium,00000000-0000-0000-0000-000000000003,00000000-0000-0000-0000-000000000017,00000000-0000-0000-0000-000000000017,True,2026-04-09 04:03:08.101812+00
f6e03542-d516-4de1-ab4b-34a43a7f6d9a,A candidate answers technical questions correctly but writes unclear explanations. Which English communication skill should your app recommend first and why?,descriptive,medium,00000000-0000-0000-0000-000000000004,00000000-0000-0000-0000-000000000024,00000000-0000-0000-0000-000000000024,True,2026-04-09 04:03:29.292826+00
f76ce8f2-c0ea-4e53-ac3d-01317193ed45,"According to Newton’s second law, force equals:",mcq,easy,00000000-0000-0000-0000-000000000002,00000000-0000-0000-0000-000000000010,00000000-0000-0000-0000-000000000010,True,2026-04-09 04:01:03.241418+00
f76f9322-bb2a-474d-a268-9cd537efa74d,You encounter an error while running your Python script. What steps would you take to debug it?,descriptive,medium,,,,True,2026-04-14 15:51:03.016018+00
f78962c5-360e-408f-a1dd-c102dd5bcbb4,What is CSS primarily used for?,mcq,easy,00000000-0000-0000-0000-000000000014,00000000-0000-0000-0000-000000000072,00000000-0000-0000-0000-000000000072,True,2026-04-09 04:05:51.714334+00
f7cbeacb-69cd-42de-89b8-26f59e43579d,You need to validate the output of your machine learning model. What steps would you take?,descriptive,medium,,,,True,2026-04-14 15:51:03.733116+00
f8440fd3-b764-4fcc-9ef1-8c3af3a05de6,A team repeats the same deployment steps manually every week and makes mistakes. What improvement should your app recommend first?,descriptive,easy,00000000-0000-0000-0000-000000000020,00000000-0000-0000-0000-000000000097,00000000-0000-0000-0000-000000000097,True,2026-04-09 04:02:20.505657+00
f87b43c8-7459-4ee4-8959-086eadafdf96,A learner says threads and processes are 'basically the same.' How should the app correct this at a beginner level?,descriptive,medium,00000000-0000-0000-0000-000000000011,00000000-0000-0000-0000-000000000056,00000000-0000-0000-0000-000000000056,True,2026-04-09 04:05:16.614917+00
f8d765b2-0a8c-48d2-aa1f-768b5decceec,Why is automation important in DevOps?,mcq,easy,00000000-0000-0000-0000-000000000020,00000000-0000-0000-0000-000000000097,00000000-0000-0000-0000-000000000097,True,2026-04-09 04:01:51.541841+00
f925af80-92e9-42b2-9dca-116ef9b4ae2d,Which action best protects long-term quality in Python Fundamentals for ML work?,descriptive,medium,,,,True,2026-04-14 09:17:43.043397+00
f938a96e-2585-4ac9-95ef-422a8f828415,Which layer is primarily responsible for end-to-end communication in the TCP/IP model?,mcq,easy,00000000-0000-0000-0000-000000000012,00000000-0000-0000-0000-000000000061,00000000-0000-0000-0000-000000000061,True,2026-04-09 04:05:20.714866+00
f96b0a26-3c37-47be-8ceb-11174e27ff81,What is the main idea of linear search?,mcq,easy,00000000-0000-0000-0000-000000000009,00000000-0000-0000-0000-000000000046,00000000-0000-0000-0000-000000000046,True,2026-04-09 04:04:34.871236+00
fa20ef50-ed90-4172-b566-744daab5a54e,A car moves from rest with uniform acceleration of 2 m/s^2 for 5 s. What is its final velocity?,mcq,medium,00000000-0000-0000-0000-000000000002,00000000-0000-0000-0000-000000000009,00000000-0000-0000-0000-000000000009,True,2026-04-09 04:01:07.316654+00
fa4e391d-ba22-419f-9553-d3743dcbc38f,"You are given a small Python-based ML training pipeline with missing values, inconsistent feature names, and no validation split. Describe how you would structure the code, prevent leakage, validate the model, and communicate tradeoffs.",descriptive,medium,,,,True,2026-04-13 06:49:55.159823+00
fb2e4f67-63a6-4ad8-9156-32bf5e8db624,Which statement best describes a covalent bond?,mcq,hard,00000000-0000-0000-0000-000000000003,00000000-0000-0000-0000-000000000017,00000000-0000-0000-0000-000000000017,True,2026-04-09 04:03:15.000569+00
fb800229-97a3-42f0-9537-3cbef2b89cbd,"Write a structured case-study response showing how you would apply Social Science to diagnose a failing project, prioritize action, and explain the tradeoffs.",descriptive,hard,,,,True,2026-04-16 14:25:36.6595+00
fc15b3fe-577b-47fd-a974-fffae1a550f8,What is the hardest natural substance on Earth?,descriptive,medium,,,,True,2026-04-16 10:32:43.624619+00
fc416733-a71d-4568-83fb-a789569ee89c,A learner understands arrays but struggles with pointer-based structures. What comparison should the app use to introduce linked lists?,descriptive,medium,00000000-0000-0000-0000-000000000008,00000000-0000-0000-0000-000000000042,00000000-0000-0000-0000-000000000042,True,2026-04-09 04:02:33.331474+00
fcac4341-c029-4101-a140-a6ee82578469,Why is version control useful when multiple developers work on the same project?,descriptive,medium,00000000-0000-0000-0000-000000000013,00000000-0000-0000-0000-000000000070,00000000-0000-0000-0000-000000000070,True,2026-04-09 04:05:45.126706+00
fcaec4ff-7204-4610-9450-f6171d64fbd6,Differentiate between a primary key and a foreign key with an example.,descriptive,hard,00000000-0000-0000-0000-000000000010,00000000-0000-0000-0000-000000000051,00000000-0000-0000-0000-000000000051,True,2026-04-09 04:05:05.579144+00
fd75cd33-269a-4508-a747-bb969a6d8366,What is the role of A/B testing in model deployment?,descriptive,medium,,,,True,2026-04-14 16:11:27.986037+00
fe2969bb-d2a1-42a2-8bc0-60e89d205de0,Which of the following is a common challenge faced during the deployment of machine learning models?,descriptive,medium,,,,True,2026-04-14 16:11:18.777974+00
ff1dde5c-7eee-48fc-a878-31c9741d784e,A learner stores marks like 89.5 in an integer variable and gets incorrect output. What concept should the app correct first?,descriptive,easy,00000000-0000-0000-0000-000000000006,00000000-0000-0000-0000-000000000031,00000000-0000-0000-0000-000000000031,True,2026-04-09 04:02:31.783829+00
ff502620-8075-4774-9d18-c45aa8ad32c1,How do you prioritize model updates in a production environment?,descriptive,medium,,,,True,2026-04-14 16:11:25.788476+00
ff51e826-2a50-4352-9365-7ecae1db7f39,Why are functions important for writing maintainable code?,descriptive,medium,00000000-0000-0000-0000-000000000006,00000000-0000-0000-0000-000000000033,00000000-0000-0000-0000-000000000033,True,2026-04-09 04:04:01.596557+00
ffeb7a7d-c596-44ed-b36f-44b1d4a52fc0,Which HTML tag is used to define an internal style sheet?,descriptive,easy,,,,True,2026-04-16 10:32:43.624619+00
3ddbfab3-b823-4f46-8657-6c8304485045,What is the slope of the line represented by the equation y = 3x + 7?,mcq,easy,00000000-0000-0000-0000-000000000001,00000000-0000-0000-0000-000000000001,00000000-0000-0000-0000-000000000001,True,2026-04-17 10:00:00.000000+00
43ec5776-1445-4a3d-84b8-b1aa1f02ad6d,Which of the following is a root of x² - 5x + 6 = 0?,mcq,easy,00000000-0000-0000-0000-000000000001,00000000-0000-0000-0000-000000000002,00000000-0000-0000-0000-000000000002,True,2026-04-17 10:00:00.000000+00
9d584e44-7952-447d-b337-92cae14f94c1,"In a right triangle with legs 6 cm and 8 cm, what is the hypotenuse?",mcq,medium,00000000-0000-0000-0000-000000000001,00000000-0000-0000-0000-000000000003,00000000-0000-0000-0000-000000000003,True,2026-04-17 10:00:00.000000+00
53d907e1-40c6-4bb3-88ad-644079c9da87,What is the derivative of f(x) = x³ ln(x)?,mcq,hard,00000000-0000-0000-0000-000000000001,00000000-0000-0000-0000-000000000006,00000000-0000-0000-0000-000000000006,True,2026-04-17 10:00:00.000000+00
8948ccbe-a371-485e-b43e-bff289cb474b,A bag has 4 red and 6 blue balls. What is the probability of picking a red ball?,mcq,medium,00000000-0000-0000-0000-000000000001,00000000-0000-0000-0000-000000000007,00000000-0000-0000-0000-000000000007,True,2026-04-17 10:00:00.000000+00
3eed386d-760b-4ea4-81fb-8176a085661b,Explain the concept of a limit in calculus and describe how you would evaluate the limit of (sin x)/x as x approaches 0.,descriptive,medium,00000000-0000-0000-0000-000000000001,00000000-0000-0000-0000-000000000005,00000000-0000-0000-0000-000000000005,True,2026-04-17 10:00:00.000000+00
b6333f53-f739-44af-9ec0-6b545031a408,Prove that sin²θ + cos²θ = 1 and describe two real-world applications of this identity.,descriptive,hard,00000000-0000-0000-0000-000000000001,00000000-0000-0000-0000-000000000008,00000000-0000-0000-0000-000000000008,True,2026-04-17 10:00:00.000000+00
aeaf7497-6d6d-4abe-8cf0-d212455ea254,Which formula should the student use?,situational_mcq,medium,00000000-0000-0000-0000-000000000001,00000000-0000-0000-0000-000000000004,00000000-0000-0000-0000-000000000004,True,2026-04-17 10:00:00.000000+00
f7e35a3c-f499-41a1-b791-7ae7b0862939,A car travels at 60 km/h for 2 hours. What distance does it cover?,mcq,easy,00000000-0000-0000-0000-000000000002,00000000-0000-0000-0000-000000000009,00000000-0000-0000-0000-000000000009,True,2026-04-17 10:00:00.000000+00
790f04cb-e17a-4691-be00-57cb6bb207dc,A 5 kg object accelerates at 4 m/s². What is the net force acting on it?,mcq,medium,00000000-0000-0000-0000-000000000002,00000000-0000-0000-0000-000000000010,00000000-0000-0000-0000-000000000010,True,2026-04-17 10:00:00.000000+00
d22e1550-a471-4b67-b4d0-485661050f16,A 2 kg object falls from rest through 10 m. What is its kinetic energy just before impact? (g=10 m/s²),mcq,hard,00000000-0000-0000-0000-000000000002,00000000-0000-0000-0000-000000000011,00000000-0000-0000-0000-000000000011,True,2026-04-17 10:00:00.000000+00
90691587-63bb-496e-9267-0f66b3655f17,"Describe the three modes of heat transfer (conduction, convection, radiation) with a clear example for each, and explain which mode operates in a vacuum.",descriptive,medium,00000000-0000-0000-0000-000000000002,00000000-0000-0000-0000-000000000015,00000000-0000-0000-0000-000000000015,True,2026-04-17 10:00:00.000000+00
973268f9-a506-4eae-b923-250a859cefef,What optical phenomenon explains this observation?,situational_mcq,easy,00000000-0000-0000-0000-000000000002,00000000-0000-0000-0000-000000000014,00000000-0000-0000-0000-000000000014,True,2026-04-17 10:00:00.000000+00
16e31f0e-8521-4226-898f-24c7237bc3dd,How many protons does a neutral carbon atom have?,mcq,easy,00000000-0000-0000-0000-000000000003,00000000-0000-0000-0000-000000000016,00000000-0000-0000-0000-000000000016,True,2026-04-17 10:00:00.000000+00
3f343751-e53b-4633-88f3-43d11e41e87f,What type of bond forms between a metal and a non-metal?,mcq,medium,00000000-0000-0000-0000-000000000003,00000000-0000-0000-0000-000000000017,00000000-0000-0000-0000-000000000017,True,2026-04-17 10:00:00.000000+00
8bb0956a-6f8f-4f64-bc7e-63487b32e967,How many moles are in 44 g of CO₂? (Molar mass of CO₂ = 44 g/mol),mcq,hard,00000000-0000-0000-0000-000000000003,00000000-0000-0000-0000-000000000020,00000000-0000-0000-0000-000000000020,True,2026-04-17 10:00:00.000000+00
32328432-33fe-4fca-a47c-3d9c23fdbd51,"Compare and contrast saturated and unsaturated hydrocarbons, including their bonding types, general formulas, and one industrial application of each.",descriptive,hard,00000000-0000-0000-0000-000000000003,00000000-0000-0000-0000-000000000018,00000000-0000-0000-0000-000000000018,True,2026-04-17 10:00:00.000000+00
515e9012-68b4-499a-8e90-317879282bc1,"Which word is a conjunction in the sentence: 'She studied hard, but she still failed the test'?",mcq,easy,00000000-0000-0000-0000-000000000004,00000000-0000-0000-0000-000000000021,00000000-0000-0000-0000-000000000021,True,2026-04-17 10:00:00.000000+00
87ce2247-8764-4552-8117-e70797c35e53,Identify the grammatical error: 'Neither the teacher nor the students was present at the meeting.',mcq,medium,00000000-0000-0000-0000-000000000004,00000000-0000-0000-0000-000000000022,00000000-0000-0000-0000-000000000022,True,2026-04-17 10:00:00.000000+00
e4dbc7d8-2e22-489e-a1b8-d9ab74e69b2e,Which tone and structure is most appropriate for this email?,situational_mcq,medium,00000000-0000-0000-0000-000000000004,00000000-0000-0000-0000-000000000025,00000000-0000-0000-0000-000000000025,True,2026-04-17 10:00:00.000000+00
d4f957f2-26a1-483a-9261-934ef7e577e3,"Read the following passage and identify the main idea, one supporting detail, and one inference you can draw: 'Remote work has transformed modern workplaces. Studies show a 13% productivity increase among remote workers. Many employees report better work-life balance. However, collaboration and team cohesion remain challenges.'",descriptive,medium,00000000-0000-0000-0000-000000000004,00000000-0000-0000-0000-000000000024,00000000-0000-0000-0000-000000000024,True,2026-04-17 10:00:00.000000+00
cd4dc113-3547-485b-be79-a9f16fb60591,"If a product's price increases from ₹200 to ₹250, what is the percentage increase?",mcq,easy,00000000-0000-0000-0000-000000000005,00000000-0000-0000-0000-000000000026,00000000-0000-0000-0000-000000000026,True,2026-04-17 10:00:00.000000+00
e91232df-82d4-4725-9c35-4ac5eb622ddf,A shopkeeper buys an item for ₹400 and sells it for ₹500. What is the profit percentage?,mcq,medium,00000000-0000-0000-0000-000000000005,00000000-0000-0000-0000-000000000027,00000000-0000-0000-0000-000000000027,True,2026-04-17 10:00:00.000000+00
a4ae17c8-b062-4734-9c57-4f4fe544dee4,Two trains start from the same point in opposite directions at 60 km/h and 90 km/h. How far apart will they be after 2 hours?,mcq,hard,00000000-0000-0000-0000-000000000005,00000000-0000-0000-0000-000000000028,00000000-0000-0000-0000-000000000028,True,2026-04-17 10:00:00.000000+00
b8bcf71c-7e8f-4f2c-bbbf-155776ecc0d7,"What comes next in the series: 2, 6, 12, 20, 30, ?",mcq,medium,00000000-0000-0000-0000-000000000005,00000000-0000-0000-0000-000000000029,00000000-0000-0000-0000-000000000029,True,2026-04-17 10:00:00.000000+00
5c67910b-2437-4e90-89c7-6770a3e14eb4,"A family has 5 members: grandfather, father, mother, son, and daughter. If the son is the only child of the father and has one sister, what is the relationship between the daughter and the grandfather? Explain your reasoning step by step.",descriptive,hard,00000000-0000-0000-0000-000000000005,00000000-0000-0000-0000-000000000030,00000000-0000-0000-0000-000000000030,True,2026-04-17 10:00:00.000000+00
aab75974-2aab-48ff-b840-5c1da73954e3,What was the profit last quarter?,situational_mcq,easy,00000000-0000-0000-0000-000000000005,00000000-0000-0000-0000-000000000026,00000000-0000-0000-0000-000000000026,True,2026-04-17 10:00:00.000000+00
dbd32bc2-4f11-4d10-a9a3-01722b3fefc7,Which data type is used to store a decimal number like 3.14 in most programming languages?,mcq,easy,00000000-0000-0000-0000-000000000006,00000000-0000-0000-0000-000000000031,00000000-0000-0000-0000-000000000031,True,2026-04-17 10:00:00.000000+00
23a2de56-d91b-4d78-95e4-8ce5e783740b,"What is the output of the following pseudocode?
x = 10
if x > 5:
  print('A')
else:
  print('B')",mcq,medium,00000000-0000-0000-0000-000000000006,00000000-0000-0000-0000-000000000032,00000000-0000-0000-0000-000000000032,True,2026-04-17 10:00:00.000000+00
78cd79d4-0fa0-417b-ba58-fb1828d313c5,What is a closure in programming?,mcq,hard,00000000-0000-0000-0000-000000000006,00000000-0000-0000-0000-000000000033,00000000-0000-0000-0000-000000000033,True,2026-04-17 10:00:00.000000+00
edd4dc9b-f1c6-43ed-bffb-e7210888f5fb,Which approach is most efficient and readable?,situational_mcq,medium,00000000-0000-0000-0000-000000000006,00000000-0000-0000-0000-000000000034,00000000-0000-0000-0000-000000000034,True,2026-04-17 10:00:00.000000+00
1570dabf-123f-4c64-9c76-f016d9cafc8b,Write the pseudocode for a function that checks whether a given number is prime. Explain each step of your logic.,descriptive,medium,00000000-0000-0000-0000-000000000006,00000000-0000-0000-0000-000000000035,00000000-0000-0000-0000-000000000035,True,2026-04-17 10:00:00.000000+00
e39879ec-5292-4ca9-886a-96e35e0e0931,"In OOP, what is a blueprint for creating objects called?",mcq,easy,00000000-0000-0000-0000-000000000007,00000000-0000-0000-0000-000000000036,00000000-0000-0000-0000-000000000036,True,2026-04-17 10:00:00.000000+00
8141f881-c6d5-41e1-b870-d66e3e8b1ee6,Which access modifier restricts a member to only the class it is defined in?,mcq,medium,00000000-0000-0000-0000-000000000007,00000000-0000-0000-0000-000000000037,00000000-0000-0000-0000-000000000037,True,2026-04-17 10:00:00.000000+00
b79c8e91-51ae-4fa0-a0cf-9691b132d6c1,Which OOP concept allows a method to behave differently based on the object that calls it?,mcq,hard,00000000-0000-0000-0000-000000000007,00000000-0000-0000-0000-000000000039,00000000-0000-0000-0000-000000000039,True,2026-04-17 10:00:00.000000+00
ee60e2ae-4069-4228-82d1-8ace26067ad5,Which OOP principle should they use?,situational_mcq,medium,00000000-0000-0000-0000-000000000007,00000000-0000-0000-0000-000000000038,00000000-0000-0000-0000-000000000038,True,2026-04-17 10:00:00.000000+00
a41151d7-5881-47b3-a36a-fdafa58ff860,"Explain the difference between an abstract class and an interface in OOP. When would you choose one over the other, and why?",descriptive,hard,00000000-0000-0000-0000-000000000007,00000000-0000-0000-0000-000000000040,00000000-0000-0000-0000-000000000040,True,2026-04-17 10:00:00.000000+00
ce0946b6-c3f8-4d0b-9b3c-5bf589559712,"In a stack data structure, which element is accessed first?",mcq,easy,00000000-0000-0000-0000-000000000008,00000000-0000-0000-0000-000000000043,00000000-0000-0000-0000-000000000043,True,2026-04-17 10:00:00.000000+00
4b8077a1-eb0f-48c6-8126-830ccc3dd6b7,What is the time complexity of searching for an element in a singly linked list in the worst case?,mcq,medium,00000000-0000-0000-0000-000000000008,00000000-0000-0000-0000-000000000042,00000000-0000-0000-0000-000000000042,True,2026-04-17 10:00:00.000000+00
15a10342-65ea-4518-8e2a-a08b9c2f471b,What is the result of an in-order traversal of a Binary Search Tree (BST)?,mcq,hard,00000000-0000-0000-0000-000000000008,00000000-0000-0000-0000-000000000045,00000000-0000-0000-0000-000000000045,True,2026-04-17 10:00:00.000000+00
133447f2-8eab-4467-821f-6eb9ef95179b,Which data structure is most appropriate?,situational_mcq,easy,00000000-0000-0000-0000-000000000008,00000000-0000-0000-0000-000000000044,00000000-0000-0000-0000-000000000044,True,2026-04-17 10:00:00.000000+00
de06d1d2-13f0-492e-a2ba-6d1925f435c3,"Compare arrays and linked lists in terms of memory allocation, time complexity of insertion/deletion, and access patterns. When is each preferred?",descriptive,medium,00000000-0000-0000-0000-000000000008,00000000-0000-0000-0000-000000000041,00000000-0000-0000-0000-000000000041,True,2026-04-17 10:00:00.000000+00
6b112324-c3b0-4e52-ba18-3733b7764845,What is the worst-case time complexity of linear search on a list of n elements?,mcq,easy,00000000-0000-0000-0000-000000000009,00000000-0000-0000-0000-000000000046,00000000-0000-0000-0000-000000000046,True,2026-04-17 10:00:00.000000+00
1454aa17-8e09-48f4-9441-8c6d387e51a5,Binary search requires the input list to be:,mcq,medium,00000000-0000-0000-0000-000000000009,00000000-0000-0000-0000-000000000047,00000000-0000-0000-0000-000000000047,True,2026-04-17 10:00:00.000000+00
dfe65990-bae0-4ad6-b4ce-96d43b356967,What is the base case in a recursive factorial function for n?,mcq,hard,00000000-0000-0000-0000-000000000009,00000000-0000-0000-0000-000000000049,00000000-0000-0000-0000-000000000049,True,2026-04-17 10:00:00.000000+00
f67535c5-28aa-4989-901b-6a4e8efe5b08,What algorithm strategy is being used?,situational_mcq,hard,00000000-0000-0000-0000-000000000009,00000000-0000-0000-0000-000000000050,00000000-0000-0000-0000-000000000050,True,2026-04-17 10:00:00.000000+00
3e6371a5-3b52-4db2-aae2-1485917105c1,"Trace through bubble sort on the array [5, 3, 8, 1, 2] and explain what happens in each pass. State its time complexity.",descriptive,medium,00000000-0000-0000-0000-000000000009,00000000-0000-0000-0000-000000000048,00000000-0000-0000-0000-000000000048,True,2026-04-17 10:00:00.000000+00
6829a7f9-7620-407a-a045-47c6cb7b6a1b,Which key uniquely identifies each record in a database table?,mcq,easy,00000000-0000-0000-0000-000000000010,00000000-0000-0000-0000-000000000051,00000000-0000-0000-0000-000000000051,True,2026-04-17 10:00:00.000000+00
1618ae88-bc2d-4610-8dfd-cb26d7d65cd4,Which SQL clause is used to filter rows based on a condition?,mcq,medium,00000000-0000-0000-0000-000000000010,00000000-0000-0000-0000-000000000052,00000000-0000-0000-0000-000000000052,True,2026-04-17 10:00:00.000000+00
9229f4d2-c2be-48a5-a681-fd8a0bdc9de5,A table is in 2NF but not 3NF. This means it has:,mcq,hard,00000000-0000-0000-0000-000000000010,00000000-0000-0000-0000-000000000054,00000000-0000-0000-0000-000000000054,True,2026-04-17 10:00:00.000000+00
0c3aacd6-d274-491c-a90b-5b79ca44efdb,Which SQL JOIN should be used?,situational_mcq,medium,00000000-0000-0000-0000-000000000010,00000000-0000-0000-0000-000000000053,00000000-0000-0000-0000-000000000053,True,2026-04-17 10:00:00.000000+00
cca4da7c-a10b-4a5a-b1eb-80297dc5c85d,Explain the ACID properties of database transactions. Why is each property critical for maintaining data integrity in a banking system?,descriptive,hard,00000000-0000-0000-0000-000000000010,00000000-0000-0000-0000-000000000055,00000000-0000-0000-0000-000000000055,True,2026-04-17 10:00:00.000000+00
34714dc6-9560-42b5-8f6c-8c43ffde6059,What is a thread in an operating system?,mcq,easy,00000000-0000-0000-0000-000000000011,00000000-0000-0000-0000-000000000056,00000000-0000-0000-0000-000000000056,True,2026-04-17 10:00:00.000000+00
62af36c4-166a-49c5-a0e0-0e37960f8d83,Which CPU scheduling algorithm gives the shortest average waiting time?,mcq,medium,00000000-0000-0000-0000-000000000011,00000000-0000-0000-0000-000000000057,00000000-0000-0000-0000-000000000057,True,2026-04-17 10:00:00.000000+00
3c823921-6f55-40f3-8d4f-2d9111e06fc7,Which of the following is NOT one of the four necessary conditions for a deadlock?,mcq,hard,00000000-0000-0000-0000-000000000011,00000000-0000-0000-0000-000000000059,00000000-0000-0000-0000-000000000059,True,2026-04-17 10:00:00.000000+00
f5a5a946-8f3f-49dc-8a75-63e54997a68b,What memory management technique is the OS using?,situational_mcq,medium,00000000-0000-0000-0000-000000000011,00000000-0000-0000-0000-000000000058,00000000-0000-0000-0000-000000000058,True,2026-04-17 10:00:00.000000+00
0f611d38-1e51-451f-934d-25a51d8987d2,Explain the difference between FAT32 and NTFS file systems. What are the advantages of NTFS for enterprise environments?,descriptive,hard,00000000-0000-0000-0000-000000000011,00000000-0000-0000-0000-000000000060,00000000-0000-0000-0000-000000000060,True,2026-04-17 10:00:00.000000+00
d8fb5ef7-2cd5-45c8-8873-8ab39c9b5320,How many layers does the OSI model have?,mcq,easy,00000000-0000-0000-0000-000000000012,00000000-0000-0000-0000-000000000061,00000000-0000-0000-0000-000000000061,True,2026-04-17 10:00:00.000000+00
3d21d73c-4e6b-4af0-b796-12ef5cd4f941,"Which protocol guarantees reliable, ordered delivery of packets?",mcq,medium,00000000-0000-0000-0000-000000000012,00000000-0000-0000-0000-000000000062,00000000-0000-0000-0000-000000000062,True,2026-04-17 10:00:00.000000+00
8641fb48-ffe4-4633-97ac-c2ecc162d283,A host has IP address 192.168.1.100 with subnet mask 255.255.255.0. What is the network address?,mcq,hard,00000000-0000-0000-0000-000000000012,00000000-0000-0000-0000-000000000063,00000000-0000-0000-0000-000000000063,True,2026-04-17 10:00:00.000000+00
a199294d-9cf2-4e0d-90b5-a174bc7e49a2,Which protocol handles this domain-to-IP resolution?,situational_mcq,easy,00000000-0000-0000-0000-000000000012,00000000-0000-0000-0000-000000000065,00000000-0000-0000-0000-000000000065,True,2026-04-17 10:00:00.000000+00
42316e4e-dc1e-46e9-b5d4-6fa90c112918,"Explain the difference between a router and a switch. In what layer of the OSI model does each operate, and what is the primary function of each device?",descriptive,medium,00000000-0000-0000-0000-000000000012,00000000-0000-0000-0000-000000000064,00000000-0000-0000-0000-000000000064,True,2026-04-17 10:00:00.000000+00
7cbf6344-1249-448c-bd74-14c848e88333,Which SDLC model follows a strict sequential phase approach where each phase must be completed before the next begins?,mcq,easy,00000000-0000-0000-0000-000000000013,00000000-0000-0000-0000-000000000066,00000000-0000-0000-0000-000000000066,True,2026-04-17 10:00:00.000000+00
57c723cc-6ff9-4370-b61d-bbc1040d31a5,What type of testing verifies that the entire system works as expected end-to-end?,mcq,medium,00000000-0000-0000-0000-000000000013,00000000-0000-0000-0000-000000000068,00000000-0000-0000-0000-000000000068,True,2026-04-17 10:00:00.000000+00
4c78969e-8e90-4bb3-b619-3367ea2592ac,"In UML, which diagram shows the sequence of messages between objects over time?",mcq,hard,00000000-0000-0000-0000-000000000013,00000000-0000-0000-0000-000000000069,00000000-0000-0000-0000-000000000069,True,2026-04-17 10:00:00.000000+00
6f8000d3-2480-45d9-b0bd-9a325718e296,Which methodology best suits this scenario?,situational_mcq,medium,00000000-0000-0000-0000-000000000013,00000000-0000-0000-0000-000000000067,00000000-0000-0000-0000-000000000067,True,2026-04-17 10:00:00.000000+00
cf22118c-c827-4350-a04a-ee64febee720,"Explain the role of version control systems in software maintenance. Compare centralized (e.g., SVN) and distributed (e.g., Git) version control, highlighting advantages of distributed systems.",descriptive,hard,00000000-0000-0000-0000-000000000013,00000000-0000-0000-0000-000000000070,00000000-0000-0000-0000-000000000070,True,2026-04-17 10:00:00.000000+00
f9b19838-bc2e-40ed-92e5-2751adf68711,Which HTML tag is used to create a hyperlink?,mcq,easy,00000000-0000-0000-0000-000000000014,00000000-0000-0000-0000-000000000071,00000000-0000-0000-0000-000000000071,True,2026-04-17 10:00:00.000000+00
e011a7ae-870b-469e-bc68-02968d4deace,"In CSS, which property is used to control the space between the content and its border?",mcq,medium,00000000-0000-0000-0000-000000000014,00000000-0000-0000-0000-000000000072,00000000-0000-0000-0000-000000000072,True,2026-04-17 10:00:00.000000+00
994311e3-ec69-4a64-9211-a699d24c4eb4,Which CSS value makes a flex container wrap items onto multiple lines when they don't fit?,mcq,hard,00000000-0000-0000-0000-000000000014,00000000-0000-0000-0000-000000000072,00000000-0000-0000-0000-000000000072,True,2026-04-17 10:00:00.000000+00
b20de830-104e-4131-8af8-e5aba5b4b210,What is the most likely cause of the broken images?,situational_mcq,easy,00000000-0000-0000-0000-000000000014,00000000-0000-0000-0000-000000000071,00000000-0000-0000-0000-000000000071,True,2026-04-17 10:00:00.000000+00
0846fd66-89f0-4a18-91ba-1ea6568a51e4,"Explain the CSS Box Model. Describe each component (content, padding, border, margin) and explain how box-sizing: border-box changes width/height calculations.",descriptive,medium,00000000-0000-0000-0000-000000000014,00000000-0000-0000-0000-000000000072,00000000-0000-0000-0000-000000000072,True,2026-04-17 10:00:00.000000+00
738d2a68-9a6f-4d93-a110-7f6b39899839,"Which cloud service model provides virtualized computing resources like servers, storage, and networking over the internet?",mcq,easy,00000000-0000-0000-0000-000000000015,,,True,2026-04-17 10:00:00.000000+00
82709f57-9aed-47ed-91b1-48909ba5ebd5,What is auto-scaling in cloud computing?,mcq,medium,00000000-0000-0000-0000-000000000015,,,True,2026-04-17 10:00:00.000000+00
970676c8-b5c1-4d14-a3f6-aef4a64835de,"In cloud architecture, what does 'availability zone' refer to?",mcq,hard,00000000-0000-0000-0000-000000000015,,,True,2026-04-17 10:00:00.000000+00
c8bb06ff-a6b7-4d12-adff-03896adad6aa,Which cloud service model is most suitable?,situational_mcq,medium,00000000-0000-0000-0000-000000000015,,,True,2026-04-17 10:00:00.000000+00
bacaedc1-6256-4191-b726-99a8557d9073,"Explain the difference between horizontal scaling and vertical scaling in cloud computing. What are the trade-offs, and when is each approach appropriate?",descriptive,hard,00000000-0000-0000-0000-000000000015,,,True,2026-04-17 10:00:00.000000+00
e807df4c-58ac-47a1-a769-89490f60e909,What does SSL/TLS primarily provide in web communications?,mcq,easy,00000000-0000-0000-0000-000000000016,,,True,2026-04-17 10:00:00.000000+00
f582e917-983e-4f0e-b230-9cf5180b2d71,Which type of attack involves an attacker intercepting and potentially altering communications between two parties without their knowledge?,mcq,medium,00000000-0000-0000-0000-000000000016,,,True,2026-04-17 10:00:00.000000+00
e31f353b-50cc-4b69-b04c-2dba10b6cfd9,"In public key cryptography, which key is used to encrypt a message that only the recipient can decrypt?",mcq,hard,00000000-0000-0000-0000-000000000016,,,True,2026-04-17 10:00:00.000000+00
67f9a6ab-f4de-4435-90bf-c2560a6857b1,What type of cyberattack is this most likely?,situational_mcq,medium,00000000-0000-0000-0000-000000000016,,,True,2026-04-17 10:00:00.000000+00
38c8cb6e-c633-45ce-9d42-a3cd105f1dc8,"Describe the OWASP Top 10 as a concept. Choose three vulnerabilities from the list, explain each, and suggest a mitigation strategy for each.",descriptive,hard,00000000-0000-0000-0000-000000000016,,,True,2026-04-17 10:00:00.000000+00
e062df0d-9038-48f8-9950-7c150244da59,Which type of machine learning uses labeled data to train a model?,mcq,easy,00000000-0000-0000-0000-000000000017,,,True,2026-04-17 10:00:00.000000+00
2ec1ab7f-83bc-4004-83e3-d84f0b7bf259,What is overfitting in machine learning?,mcq,medium,00000000-0000-0000-0000-000000000017,,,True,2026-04-17 10:00:00.000000+00
6cc5dd70-4db1-4afb-879d-68e3919d4c8d,"In a neural network, what is the purpose of the activation function?",mcq,hard,00000000-0000-0000-0000-000000000017,,,True,2026-04-17 10:00:00.000000+00
f0106892-ed2e-4362-9b5d-077d07c4118f,What is the most likely problem and the best solution?,situational_mcq,medium,00000000-0000-0000-0000-000000000017,,,True,2026-04-17 10:00:00.000000+00
e33c5f12-a8e6-4b38-9ecc-f95f6207bfe0,"Explain the bias-variance tradeoff in machine learning. How does model complexity affect bias and variance, and what techniques can help find the right balance?",descriptive,hard,00000000-0000-0000-0000-000000000017,,,True,2026-04-17 10:00:00.000000+00
1eebe13a-f71c-4e3d-af21-ac0239c49e30,Which search algorithm explores all nodes at the present depth before moving to the next level?,mcq,easy,00000000-0000-0000-0000-000000000018,,,True,2026-04-17 10:00:00.000000+00
31839302-ec1f-400b-ba47-c2674427b0ee,"In AI, what does the Turing Test measure?",mcq,medium,00000000-0000-0000-0000-000000000018,,,True,2026-04-17 10:00:00.000000+00
bbe9e74a-5463-4a32-a2e0-a12798cebc66,"In reinforcement learning, what does the 'reward function' define?",mcq,hard,00000000-0000-0000-0000-000000000018,,,True,2026-04-17 10:00:00.000000+00
a9643040-792f-4dc9-8ad7-c4987ca7ea7b,What algorithm is the AI using?,situational_mcq,medium,00000000-0000-0000-0000-000000000018,,,True,2026-04-17 10:00:00.000000+00
896f3b87-7680-46c8-98b4-21d57d23e5e0,"Explain the concept of the 'Curse of Dimensionality' in AI and machine learning. How does it affect model performance, and what dimensionality reduction techniques can help?",descriptive,hard,00000000-0000-0000-0000-000000000018,,,True,2026-04-17 10:00:00.000000+00
d44599b3-88e2-4280-bf81-0302f7191c14,Which measure of central tendency is most affected by outliers?,mcq,easy,00000000-0000-0000-0000-000000000019,,,True,2026-04-17 10:00:00.000000+00
19495071-70da-4fc0-8293-bc5953f50802,"In a correlation analysis, a coefficient of -0.9 indicates:",mcq,medium,00000000-0000-0000-0000-000000000019,,,True,2026-04-17 10:00:00.000000+00
0c611b08-1995-41db-9c45-708fbab40913,"Which SQL window function ranks rows within a partition without gaps, even when tie values exist?",mcq,hard,00000000-0000-0000-0000-000000000019,,,True,2026-04-17 10:00:00.000000+00
6df52b9b-22c8-449b-a9c1-d3c3df4bdf8b,What is the best strategy for handling the missing values?,situational_mcq,medium,00000000-0000-0000-0000-000000000019,,,True,2026-04-17 10:00:00.000000+00
19f9615c-d0e2-4a7e-9533-4427175791d5,"Explain the difference between descriptive, diagnostic, predictive, and prescriptive analytics. Give a business example for each type.",descriptive,hard,00000000-0000-0000-0000-000000000019,,,True,2026-04-17 10:00:00.000000+00
0de009af-1ee6-41af-b278-c792a7c0b190,What does CI/CD stand for in DevOps?,mcq,easy,00000000-0000-0000-0000-000000000020,,,True,2026-04-17 10:00:00.000000+00
03abd267-77d5-4b0e-a9d3-5028b2148072,Which tool is most commonly used for container orchestration in DevOps?,mcq,medium,00000000-0000-0000-0000-000000000020,,,True,2026-04-17 10:00:00.000000+00
1f487abc-06c8-4619-a117-078c065e81c0,"In Infrastructure as Code (IaC), what does idempotency mean?",mcq,hard,00000000-0000-0000-0000-000000000020,,,True,2026-04-17 10:00:00.000000+00
ce26a5c2-121e-4a2d-901b-1b549c71c7c1,Which strategy enables the fastest rollback?,situational_mcq,medium,00000000-0000-0000-0000-000000000020,,,True,2026-04-17 10:00:00.000000+00
08b61c63-12fd-4399-8f33-26847ccef0f6,Explain the concept of 'Shift-Left' testing in DevOps. How does incorporating testing early in the development pipeline improve software quality and reduce costs?,descriptive,hard,00000000-0000-0000-0000-000000000020,,,True,2026-04-17 10:00:00.000000+00
275eed9a-654a-4120-b0b5-3612967198dc,Two dice are rolled. What is the probability of getting a sum of 7?,mcq,easy,00000000-0000-0000-0000-000000000001,00000000-0000-0000-0000-000000000007,00000000-0000-0000-0000-000000000007,True,2026-04-17 10:00:00.000000+00
773c9ba1-c7cf-4430-aece-fb49e9592ce3,Which calculus operation gives the rate of change of T at t=3?,situational_mcq,hard,00000000-0000-0000-0000-000000000001,00000000-0000-0000-0000-000000000006,00000000-0000-0000-0000-000000000006,True,2026-04-17 10:00:00.000000+00
5269b3a9-f719-4e1f-a3b4-784c0b520e9a,Explain the steps to solve the linear equation 3x - 9 = 0 and verify your solution.,descriptive,easy,00000000-0000-0000-0000-000000000001,00000000-0000-0000-0000-000000000001,00000000-0000-0000-0000-000000000001,True,2026-04-17 10:00:00.000000+00
31bedd8e-497a-4c76-a0e5-f4daf6932fff,Like charges _____ and unlike charges _____ each other.,mcq,easy,00000000-0000-0000-0000-000000000002,00000000-0000-0000-0000-000000000012,00000000-0000-0000-0000-000000000012,True,2026-04-17 10:00:00.000000+00
c67e5a63-2d33-44e6-84af-01833be7407e,What is the total current?,situational_mcq,medium,00000000-0000-0000-0000-000000000002,00000000-0000-0000-0000-000000000013,00000000-0000-0000-0000-000000000013,True,2026-04-17 10:00:00.000000+00
662c1d18-533e-4a05-a1a8-5b7552d9f868,Derive the work-energy theorem and explain how it applies to a car braking on a highway. Include the role of friction in this scenario.,descriptive,hard,00000000-0000-0000-0000-000000000002,00000000-0000-0000-0000-000000000011,00000000-0000-0000-0000-000000000011,True,2026-04-17 10:00:00.000000+00
86af839f-b530-4401-857a-249528f28a2c,Which element in Period 3 has the highest electronegativity?,mcq,medium,00000000-0000-0000-0000-000000000003,00000000-0000-0000-0000-000000000019,00000000-0000-0000-0000-000000000019,True,2026-04-17 10:00:00.000000+00
9a6d8a19-2f33-4f65-ad18-602c79607da4,How many moles of H₂ gas are needed?,situational_mcq,medium,00000000-0000-0000-0000-000000000003,00000000-0000-0000-0000-000000000020,00000000-0000-0000-0000-000000000020,True,2026-04-17 10:00:00.000000+00
b06e7ee0-a72c-486f-8fa3-1ebe2779bc55,Describe the structure of an atom according to Bohr's model. What are the limitations of this model compared to the quantum mechanical model?,descriptive,medium,00000000-0000-0000-0000-000000000003,00000000-0000-0000-0000-000000000016,00000000-0000-0000-0000-000000000016,True,2026-04-17 10:00:00.000000+00
ca87920e-2b16-48e1-b321-e21aefafca6c,Which word is a synonym of 'benevolent'?,mcq,easy,00000000-0000-0000-0000-000000000004,00000000-0000-0000-0000-000000000023,00000000-0000-0000-0000-000000000023,True,2026-04-17 10:00:00.000000+00
7d0c49a6-1334-43dd-8ecd-e251e51840f3,Which literary device is used in: 'The classroom was a zoo when the teacher stepped out'?,mcq,hard,00000000-0000-0000-0000-000000000004,00000000-0000-0000-0000-000000000024,00000000-0000-0000-0000-000000000024,True,2026-04-17 10:00:00.000000+00
b77491a4-0fd2-445e-9a02-17ea8c178801,What is the most effective communication approach?,situational_mcq,hard,00000000-0000-0000-0000-000000000004,00000000-0000-0000-0000-000000000025,00000000-0000-0000-0000-000000000025,True,2026-04-17 10:00:00.000000+00
54223727-2293-4fd8-8721-a559c331bed1,Identify and explain the parts of speech for each word in this sentence: 'The quick fox jumps over the lazy dog.',descriptive,easy,00000000-0000-0000-0000-000000000004,00000000-0000-0000-0000-000000000021,00000000-0000-0000-0000-000000000021,True,2026-04-17 10:00:00.000000+00
6db7c882-34e8-4bf3-866e-b63f48e8cc70,"What is the next number in the series: 1, 4, 9, 16, 25, ?",mcq,easy,00000000-0000-0000-0000-000000000005,00000000-0000-0000-0000-000000000029,00000000-0000-0000-0000-000000000029,True,2026-04-17 10:00:00.000000+00
7ccdb582-fb30-4d5a-a392-a9b22feae4f1,A train 200 m long crosses a pole in 20 seconds. What is the speed of the train in km/h?,mcq,medium,00000000-0000-0000-0000-000000000005,00000000-0000-0000-0000-000000000028,00000000-0000-0000-0000-000000000028,True,2026-04-17 10:00:00.000000+00
14ecbb06-301e-4859-a81e-0cc0a79a2539,What is the profit percentage?,situational_mcq,hard,00000000-0000-0000-0000-000000000005,00000000-0000-0000-0000-000000000027,00000000-0000-0000-0000-000000000027,True,2026-04-17 10:00:00.000000+00
49e8b227-7102-4102-b119-46859edc0878,"In a family, A is the mother of B. B is the sister of C. C's father is D. D is the son of E. How is A related to E? Show your reasoning step by step.",descriptive,medium,00000000-0000-0000-0000-000000000005,00000000-0000-0000-0000-000000000030,00000000-0000-0000-0000-000000000030,True,2026-04-17 10:00:00.000000+00
b33e883c-1709-4aca-9a13-3cdb7f49f02b,"How many times does the loop execute? for i in range(1, 6): print(i)",mcq,easy,00000000-0000-0000-0000-000000000006,00000000-0000-0000-0000-000000000032,00000000-0000-0000-0000-000000000032,True,2026-04-17 10:00:00.000000+00
62e7b6cb-21fd-48bc-8566-057d8ac3a621,"What is the time complexity of the following code? for i in range(n): for j in range(n): print(i, j)",mcq,hard,00000000-0000-0000-0000-000000000006,00000000-0000-0000-0000-000000000033,00000000-0000-0000-0000-000000000033,True,2026-04-17 10:00:00.000000+00
41ad7e3a-c19d-4c76-a27e-f67e7e6dd510,"What data types are name, age, and gpa respectively?",situational_mcq,easy,00000000-0000-0000-0000-000000000006,00000000-0000-0000-0000-000000000031,00000000-0000-0000-0000-000000000031,True,2026-04-17 10:00:00.000000+00
e9a9a328-0290-4f3f-945a-4257d2ec4b26,Write pseudocode for a binary search algorithm and analyze its time complexity. Explain why binary search is more efficient than linear search for large sorted datasets.,descriptive,hard,00000000-0000-0000-0000-000000000006,00000000-0000-0000-0000-000000000035,00000000-0000-0000-0000-000000000035,True,2026-04-17 10:00:00.000000+00
3607663f-25fd-4b46-9e79-8085290bfcfc,"In OOP inheritance, what is the class being inherited FROM called?",mcq,easy,00000000-0000-0000-0000-000000000007,00000000-0000-0000-0000-000000000038,00000000-0000-0000-0000-000000000038,True,2026-04-17 10:00:00.000000+00
8ed9024c-70e8-4606-a1cf-9c3e47f96302,Which OOP concept enables this?,situational_mcq,hard,00000000-0000-0000-0000-000000000007,00000000-0000-0000-0000-000000000039,00000000-0000-0000-0000-000000000039,True,2026-04-17 10:00:00.000000+00
e919def1-103c-4cc6-86dc-5b53d9d28949,"Design a simple class diagram for a Library Management System. Identify at least 3 classes, their attributes, and relationships between them.",descriptive,medium,00000000-0000-0000-0000-000000000007,00000000-0000-0000-0000-000000000036,00000000-0000-0000-0000-000000000036,True,2026-04-17 10:00:00.000000+00
dfc9ba37-603b-47b2-9ee3-ecb761bc6fc0,Which operation removes an element from the front of a queue?,mcq,easy,00000000-0000-0000-0000-000000000008,00000000-0000-0000-0000-000000000044,00000000-0000-0000-0000-000000000044,True,2026-04-17 10:00:00.000000+00
d42a8378-f156-46da-9c36-0913e53380d1,Explain the difference between BFS and DFS tree traversal. Give a use case for each and state their time and space complexities.,descriptive,hard,00000000-0000-0000-0000-000000000008,00000000-0000-0000-0000-000000000045,00000000-0000-0000-0000-000000000045,True,2026-04-17 10:00:00.000000+00
a29cd39a-ee90-42cf-babb-759d2e3c9717,Which sorting algorithm repeatedly swaps adjacent elements if they are in the wrong order?,mcq,easy,00000000-0000-0000-0000-000000000009,00000000-0000-0000-0000-000000000048,00000000-0000-0000-0000-000000000048,True,2026-04-17 10:00:00.000000+00
25ff8529-c405-4efc-9ca3-9a8d935aa152,What is the most effective optimization technique?,situational_mcq,medium,00000000-0000-0000-0000-000000000009,00000000-0000-0000-0000-000000000049,00000000-0000-0000-0000-000000000049,True,2026-04-17 10:00:00.000000+00
404ec6d0-6a61-423f-8a6d-eb99e8a33f10,Explain Dijkstra's algorithm for finding the shortest path in a weighted graph. Trace through a simple example with 4 nodes and show the algorithm's steps.,descriptive,hard,00000000-0000-0000-0000-000000000009,00000000-0000-0000-0000-000000000050,00000000-0000-0000-0000-000000000050,True,2026-04-17 10:00:00.000000+00
67524ddb-bcc0-4c52-8627-fa56541cc3f3,Which SQL aggregate function returns the number of rows in a group?,mcq,easy,00000000-0000-0000-0000-000000000010,00000000-0000-0000-0000-000000000052,00000000-0000-0000-0000-000000000052,True,2026-04-17 10:00:00.000000+00
51392811-134a-46a3-8378-2b06c90bd293,Which normalization step resolves this issue?,situational_mcq,hard,00000000-0000-0000-0000-000000000010,00000000-0000-0000-0000-000000000054,00000000-0000-0000-0000-000000000054,True,2026-04-17 10:00:00.000000+00
915929e3-5dbd-4af3-806e-37b26ab11966,"Write a SQL query to find the top 3 highest-paid employees from each department, along with their names, department, and salary. Explain which SQL concepts you use.",descriptive,medium,00000000-0000-0000-0000-000000000010,00000000-0000-0000-0000-000000000053,00000000-0000-0000-0000-000000000053,True,2026-04-17 10:00:00.000000+00
94d9aba8-230f-4caa-8b00-18b47b405753,"In Round Robin scheduling, what is the fixed time each process gets called?",mcq,easy,00000000-0000-0000-0000-000000000011,00000000-0000-0000-0000-000000000057,00000000-0000-0000-0000-000000000057,True,2026-04-17 10:00:00.000000+00
a2468f8f-856b-4354-9a48-a4837796ad70,Which deadlock condition does this scenario demonstrate?,situational_mcq,hard,00000000-0000-0000-0000-000000000011,00000000-0000-0000-0000-000000000059,00000000-0000-0000-0000-000000000059,True,2026-04-17 10:00:00.000000+00
46e56fc1-2479-4466-89f0-c2ba0e3dda07,"Explain the difference between paging and segmentation in OS memory management. What problem does each solve, and what are their respective disadvantages?",descriptive,medium,00000000-0000-0000-0000-000000000011,00000000-0000-0000-0000-000000000058,00000000-0000-0000-0000-000000000058,True,2026-04-17 10:00:00.000000+00
9ad64f14-c376-4a5a-914f-526c330888f6,Which HTTP method is used to retrieve data from a server?,mcq,easy,00000000-0000-0000-0000-000000000012,00000000-0000-0000-0000-000000000065,00000000-0000-0000-0000-000000000065,True,2026-04-17 10:00:00.000000+00
ce0ed757-61aa-4ef0-b3d6-e63bab73f400,Which transport protocol should be used?,situational_mcq,hard,00000000-0000-0000-0000-000000000012,00000000-0000-0000-0000-000000000062,00000000-0000-0000-0000-000000000062,True,2026-04-17 10:00:00.000000+00
4b1e4c18-e13b-4fbd-9ed3-315d98a59e2e,Explain CIDR (Classless Inter-Domain Routing) and how it improves upon classful IP addressing. Calculate the number of usable hosts for the network 192.168.10.0/26.,descriptive,hard,00000000-0000-0000-0000-000000000012,00000000-0000-0000-0000-000000000063,00000000-0000-0000-0000-000000000063,True,2026-04-17 10:00:00.000000+00
e3d3f21c-d536-4e23-92f2-1433da997cc0,Which type of testing is performed by end-users before software is officially released?,mcq,easy,00000000-0000-0000-0000-000000000013,00000000-0000-0000-0000-000000000068,00000000-0000-0000-0000-000000000068,True,2026-04-17 10:00:00.000000+00
6dbb1cbf-0e37-4ce2-a677-cc64eb772772,Which type of testing should have caught this issue before release?,situational_mcq,easy,00000000-0000-0000-0000-000000000013,00000000-0000-0000-0000-000000000066,00000000-0000-0000-0000-000000000066,True,2026-04-17 10:00:00.000000+00
37d11b83-7a9c-4d0e-83d7-aeb502653015,Draw and explain a Use Case Diagram for an online banking system. Identify at least 4 use cases and 2 actors.,descriptive,medium,00000000-0000-0000-0000-000000000013,00000000-0000-0000-0000-000000000069,00000000-0000-0000-0000-000000000069,True,2026-04-17 10:00:00.000000+00
b80a95c6-a764-4e76-8dea-b1f50c3f5fc3,Which JavaScript method is used to add an element at the end of an array?,mcq,easy,00000000-0000-0000-0000-000000000014,,,True,2026-04-17 10:00:00.000000+00
6a7c68d9-a77b-467f-b280-b4bf322960ab,What is the difference between '==' and '===' in JavaScript?,mcq,hard,00000000-0000-0000-0000-000000000014,,,True,2026-04-17 10:00:00.000000+00
c2a92f9c-04f7-491b-b1f2-2347c7329d85,Which technique would MOST effectively improve perceived performance?,situational_mcq,hard,00000000-0000-0000-0000-000000000014,,,True,2026-04-17 10:00:00.000000+00
7937c6f2-a9fd-4de9-bb6d-ee4b127bd621,Explain the difference between block-level and inline elements in HTML. Give two examples of each and describe when each should be used.,descriptive,easy,00000000-0000-0000-0000-000000000014,00000000-0000-0000-0000-000000000071,00000000-0000-0000-0000-000000000071,True,2026-04-17 10:00:00.000000+00
9712671d-50be-434f-81e2-5ea9b6568f08,Which cloud deployment model is used exclusively by a single organization?,mcq,easy,00000000-0000-0000-0000-000000000015,,,True,2026-04-17 10:00:00.000000+00
765d8fe9-a353-46a5-a25b-6c5be9a6d3a3,Which cloud deployment model best suits the hospital?,situational_mcq,easy,00000000-0000-0000-0000-000000000015,,,True,2026-04-17 10:00:00.000000+00
b83b4536-b21d-4cdb-94a9-b1fee04e62b9,"Explain the concept of serverless computing. What are its advantages and limitations, and give an example of an appropriate use case?",descriptive,medium,00000000-0000-0000-0000-000000000015,,,True,2026-04-17 10:00:00.000000+00
c7b9337a-b242-4b21-a73e-afa277a1bc05,What does a firewall primarily do?,mcq,easy,00000000-0000-0000-0000-000000000016,,,True,2026-04-17 10:00:00.000000+00
525a8932-f5b4-485c-94da-21846e2b0980,Which secure coding practice would have prevented this attack?,situational_mcq,easy,00000000-0000-0000-0000-000000000016,,,True,2026-04-17 10:00:00.000000+00
eb809f26-e4c5-4fc5-8b84-926be1e21307,"Explain the CIA Triad in cybersecurity. For each principle, give an example of a threat that violates it and a control that mitigates it.",descriptive,medium,00000000-0000-0000-0000-000000000016,,,True,2026-04-17 10:00:00.000000+00
de3443bc-5860-47f8-9ef9-0d9e663313ee,Which algorithm groups unlabeled data into clusters based on similarity?,mcq,easy,00000000-0000-0000-0000-000000000017,,,True,2026-04-17 10:00:00.000000+00
236466c4-45a4-4f29-b329-e59ff42bc14a,Which type of ML problem is this?,situational_mcq,easy,00000000-0000-0000-0000-000000000017,,,True,2026-04-17 10:00:00.000000+00
2f39e6f4-ec70-4383-a531-9ffde2cbd180,"Explain the difference between precision and recall in classification models. In a medical diagnosis system for detecting cancer, which metric is more important and why?",descriptive,medium,00000000-0000-0000-0000-000000000017,,,True,2026-04-17 10:00:00.000000+00
536f91bb-d4ad-408f-97b8-8aaa667dfed3,What type of AI learns to make decisions by receiving rewards or penalties from its environment?,mcq,easy,00000000-0000-0000-0000-000000000018,,,True,2026-04-17 10:00:00.000000+00
878ea909-f61d-4f2c-b57e-701dcb57ebf2,Which AI learning paradigm does this robot use?,situational_mcq,easy,00000000-0000-0000-0000-000000000018,,,True,2026-04-17 10:00:00.000000+00
bcc963df-ed2a-4bcc-a206-965b3f9d1ba1,Explain Natural Language Processing (NLP) and describe three real-world applications. What are two major challenges in building robust NLP systems?,descriptive,medium,00000000-0000-0000-0000-000000000018,,,True,2026-04-17 10:00:00.000000+00
cd5681c0-55f6-41b8-a86b-98b5d0922df0,Which chart type is best for showing the proportion of parts to a whole?,mcq,easy,00000000-0000-0000-0000-000000000019,,,True,2026-04-17 10:00:00.000000+00
90c8af97-675e-4f99-b2bb-98463d5fb36c,Which type of analytics approach is this?,situational_mcq,easy,00000000-0000-0000-0000-000000000019,,,True,2026-04-17 10:00:00.000000+00
f565f544-898f-4aaf-8f6c-f73b217fac7a,"Explain the steps in a typical data analytics pipeline from raw data to insights. Include data collection, cleaning, transformation, analysis, and visualization.",descriptive,medium,00000000-0000-0000-0000-000000000019,,,True,2026-04-17 10:00:00.000000+00
caf48169-4de8-47f8-ae2b-bb6ca6b12264,What is Docker primarily used for?,mcq,easy,00000000-0000-0000-0000-000000000020,,,True,2026-04-17 10:00:00.000000+00
50c62e1e-4bab-4896-b71a-454794e8468a,Which DevOps tool would BEST solve this 'works on my machine' problem?,situational_mcq,easy,00000000-0000-0000-0000-000000000020,,,True,2026-04-17 10:00:00.000000+00
f882e5ce-d1e3-4472-8428-cc8f6ed349bc,"Explain the DevOps lifecycle. Describe each phase (Plan, Code, Build, Test, Release, Deploy, Operate, Monitor) and how they form a continuous loop.",descriptive,medium,00000000-0000-0000-0000-000000000020,,,True,2026-04-17 10:00:00.000000+00
033e4624-27d4-4e2b-b45d-102b0b8d9bd3,Which equation correctly models her total earnings?,situational_mcq,easy,00000000-0000-0000-0000-000000000001,00000000-0000-0000-0000-000000000001,00000000-0000-0000-0000-000000000001,True,2026-04-17 10:00:00.000000+00
d3c6e7d6-20e5-4202-8d85-c9769019f71b,What is lim(x→2) (x² - 4)/(x - 2)?,mcq,medium,00000000-0000-0000-0000-000000000001,00000000-0000-0000-0000-000000000005,00000000-0000-0000-0000-000000000005,True,2026-04-17 10:00:00.000000+00
3ebe8c2a-efba-4006-8f49-e36cc06c579d,An object is thrown vertically upward with 20 m/s. How long does it take to reach the peak? (g=10 m/s²),mcq,medium,00000000-0000-0000-0000-000000000002,00000000-0000-0000-0000-000000000009,00000000-0000-0000-0000-000000000009,True,2026-04-17 10:00:00.000000+00
cae579f9-f798-4841-9295-fd47c74ffb5f,Define velocity and acceleration. Explain the difference between them with a real-world example from everyday driving.,descriptive,easy,00000000-0000-0000-0000-000000000002,00000000-0000-0000-0000-000000000009,00000000-0000-0000-0000-000000000009,True,2026-04-17 10:00:00.000000+00
67185355-0df4-4825-bcb8-1a698808e1f1,Which molecule has a covalent bond?,mcq,easy,00000000-0000-0000-0000-000000000003,00000000-0000-0000-0000-000000000017,00000000-0000-0000-0000-000000000017,True,2026-04-17 10:00:00.000000+00
10c08f38-1261-497d-abe2-908716cb8129,How many electrons does it have?,situational_mcq,easy,00000000-0000-0000-0000-000000000003,00000000-0000-0000-0000-000000000016,00000000-0000-0000-0000-000000000016,True,2026-04-17 10:00:00.000000+00
6fe5171f-37d6-4a26-a1cd-9f3f05bb9856,Choose the correct sentence:,mcq,medium,00000000-0000-0000-0000-000000000004,00000000-0000-0000-0000-000000000022,00000000-0000-0000-0000-000000000022,True,2026-04-17 10:00:00.000000+00
ec36cd7a-fc7b-4f1c-a234-d2b62b6e7be0,"Write a 150-word formal email to a professor requesting an extension on an assignment submission, using appropriate salutation, body, and closing. Explain the structural choices you made.",descriptive,hard,00000000-0000-0000-0000-000000000004,00000000-0000-0000-0000-000000000025,00000000-0000-0000-0000-000000000025,True,2026-04-17 10:00:00.000000+00
5f61fe88-6610-44b0-a3ab-148f0bc37360,What is 15% of 800?,mcq,easy,00000000-0000-0000-0000-000000000005,00000000-0000-0000-0000-000000000026,00000000-0000-0000-0000-000000000026,True,2026-04-17 10:00:00.000000+00
5c7c13f5-1b4b-477f-9776-23d2b1158ef5,A train covers 360 km in 4 hours. Find its speed in km/h and m/s. Show your conversion.,descriptive,easy,00000000-0000-0000-0000-000000000005,00000000-0000-0000-0000-000000000028,00000000-0000-0000-0000-000000000028,True,2026-04-17 10:00:00.000000+00
0c67e23a-8d88-44f3-a81c-f005d3cb794b,What is the output of: x = 5; while x > 0: x -= 2; print(x)? (assuming Python),mcq,medium,00000000-0000-0000-0000-000000000006,00000000-0000-0000-0000-000000000032,00000000-0000-0000-0000-000000000032,True,2026-04-17 10:00:00.000000+00
c95e0599-3142-44e6-9e1a-486d0964a611,Which change would MOST reduce search time?,situational_mcq,medium,00000000-0000-0000-0000-000000000006,00000000-0000-0000-0000-000000000033,00000000-0000-0000-0000-000000000033,True,2026-04-17 10:00:00.000000+00
1f760781-09e2-4c19-86ca-8802f7175794,Which keyword is used to define an abstract class in Java?,mcq,medium,00000000-0000-0000-0000-000000000007,00000000-0000-0000-0000-000000000040,00000000-0000-0000-0000-000000000040,True,2026-04-17 10:00:00.000000+00
f35e5601-b862-4d00-bdbf-11dc083c3764,Explain encapsulation in OOP using a real-world analogy. How do getters and setters support encapsulation?,descriptive,easy,00000000-0000-0000-0000-000000000007,00000000-0000-0000-0000-000000000037,00000000-0000-0000-0000-000000000037,True,2026-04-17 10:00:00.000000+00
0bc89d04-9042-4372-b1b1-b1889aa4f5ba,Which operation has O(1) time complexity in a doubly linked list if a pointer to the node is available?,mcq,medium,00000000-0000-0000-0000-000000000008,00000000-0000-0000-0000-000000000042,00000000-0000-0000-0000-000000000042,True,2026-04-17 10:00:00.000000+00
ef0857a3-0e94-488e-ab64-b3534d54d1a5,Which data structure combination is most appropriate?,situational_mcq,medium,00000000-0000-0000-0000-000000000008,00000000-0000-0000-0000-000000000043,00000000-0000-0000-0000-000000000043,True,2026-04-17 10:00:00.000000+00
83893efd-e193-475f-a473-abb849a9727b,What is the time complexity of binary search on a sorted array of n elements?,mcq,medium,00000000-0000-0000-0000-000000000009,00000000-0000-0000-0000-000000000047,00000000-0000-0000-0000-000000000047,True,2026-04-17 10:00:00.000000+00
0f647865-51b4-4f29-b232-b358fd4293ad,Explain the concept of tail recursion and why it is more memory-efficient than regular recursion. Provide an example.,descriptive,medium,00000000-0000-0000-0000-000000000009,00000000-0000-0000-0000-000000000049,00000000-0000-0000-0000-000000000049,True,2026-04-17 10:00:00.000000+00
41d0d81f-db64-42fa-8728-dca3ee897ecd,Which ACID property ensures that a committed transaction remains committed even if the system crashes?,mcq,easy,00000000-0000-0000-0000-000000000010,00000000-0000-0000-0000-000000000055,00000000-0000-0000-0000-000000000055,True,2026-04-17 10:00:00.000000+00
12033268-dd10-45a0-a9c4-d9030b62852d,Describe the difference between a process and a thread. Include how they differ in terms of memory sharing and creation overhead.,descriptive,easy,00000000-0000-0000-0000-000000000011,00000000-0000-0000-0000-000000000056,00000000-0000-0000-0000-000000000056,True,2026-04-17 10:00:00.000000+00
e9504dc7-1034-4c09-a08c-4ad72e721022,Which layer of the OSI model is responsible for end-to-end communication and error recovery?,mcq,medium,00000000-0000-0000-0000-000000000012,00000000-0000-0000-0000-000000000061,00000000-0000-0000-0000-000000000061,True,2026-04-17 10:00:00.000000+00
ae85ac06-7b45-4fe4-94df-7e5d5b25152c,Which Git command creates a new branch and switches to it in a single step?,mcq,medium,00000000-0000-0000-0000-000000000013,00000000-0000-0000-0000-000000000070,00000000-0000-0000-0000-000000000070,True,2026-04-17 10:00:00.000000+00
b6dcf984-2ccf-4c1a-8b96-1a9b1b1b4c86,Which CSS approach should the developer use to fix this?,situational_mcq,medium,00000000-0000-0000-0000-000000000014,00000000-0000-0000-0000-000000000072,00000000-0000-0000-0000-000000000072,True,2026-04-17 10:00:00.000000+00
b0bfd864-17e8-4656-a3ba-c6598fdfbcac,What is a CDN (Content Delivery Network) primarily used for?,mcq,medium,00000000-0000-0000-0000-000000000015,,,True,2026-04-17 10:00:00.000000+00
7dfa132b-990c-4c8c-9d6a-cc831f831b0b,What is the purpose of multi-factor authentication (MFA)?,mcq,medium,00000000-0000-0000-0000-000000000016,,,True,2026-04-17 10:00:00.000000+00
70c4ea8c-3813-4b1c-b666-28950452a92b,Which technique splits a dataset into training and test sets multiple times to get a more reliable model evaluation?,mcq,medium,00000000-0000-0000-0000-000000000017,,,True,2026-04-17 10:00:00.000000+00
89dc54b0-a3c8-4972-b5e2-d35793ff977b,"Which type of AI model generates new content (images, text, audio) based on patterns learned from training data?",mcq,medium,00000000-0000-0000-0000-000000000018,,,True,2026-04-17 10:00:00.000000+00
fbb588a0-453f-4954-8c02-6d7d844bdc3e,"In data analytics, what does ETL stand for?",mcq,medium,00000000-0000-0000-0000-000000000019,,,True,2026-04-17 10:00:00.000000+00
230ad1a5-04cd-4ec5-9dcc-52022b36b1c4,Which concept and tool combination achieves this?,situational_mcq,hard,00000000-0000-0000-0000-000000000020,,,True,2026-04-17 10:00:00.000000+00
